timestamp,orig_vx,orig_vy,recn_vx,recn_vy
0.0,0.0009269756698497358,0.0009186711711672774,0.0,0.0
0.01,-0.000685277221812896,0.0005943833944381604,0.0,0.0
0.02,-0.00037995617583808084,0.0009523355250226391,0.0,0.0
0.03,0.0004415447054816086,0.0012217195673473317,0.0,0.0
0.04,0.0008777352901591862,0.0009789799571335554,0.0,0.0
0.05,0.0005321970577328453,9.67811020512245e-05,0.0,0.0
0.06,-0.0006073961124556896,-0.0012902059068343199,0.0,0.0
0.07,-0.0023135455836907778,-0.00287246269287185,0.0,0.0
0.08,-0.003851425462541692,-0.004103056058166714,0.0,0.0
0.09,-0.00579919379700911,-0.0045918516090370995,0.0,0.0
0.1,-0.006946250811644246,-0.004715946081399076,-0.0006816800535843807,0.00035746476243004097
0.11,-0.008729369973945906,-0.002864327653808497,-0.002995016848636964,0.0015705505546810873
0.12,-0.010843204114468442,0.001012039816718892,-0.006801350462485409,0.0035665457929888633
0.13,-0.014994083298024768,0.006158841743922793,-0.011955162004215585,0.006269142133730603
0.14,-0.022174455560124755,0.01293841904168185,-0.018315517836218653,0.00960443568457244
0.15,-0.030433697383528985,0.01911854160241909,-0.025746069574191077,0.013500927004469409
0.16,-0.0403531818952698,0.02561304466501012,-0.03411505408713462,0.01788952110366545
0.17,-0.04981820305860097,0.03260757343623349,-0.04329529349735631,0.022703527443693396
0.18,-0.058565522174326146,0.038201926844270116,-0.05316419518046852,0.027878659937374987
0.19,-0.06614714861038325,0.04264724216886477,-0.0636037517653889,0.03335303694882087
0.2,-0.07071575520908145,0.04582999821574851,-0.07279560088097695,0.03787118836567316
0.21,-0.07400104025783381,0.04754010248327541,-0.07932909654918247,0.040462839663496813
0.22,-0.07642461649301563,0.04909838804259279,-0.08367705224688546,0.04147812604989164
0.23,-0.07853692835913674,0.05034037768764732,-0.08628002454209674,0.0412437428966418
0.24,-0.08233072733093061,0.051121089079964065,-0.08754631309395794,0.04006294573971586
0.25,-0.08016515713055285,0.04909619289792824,-0.08785196065274117,0.038215550279266555
0.26,-0.07975316149402772,0.047038152521415556,-0.08754075305984962,0.03595793237963112
0.27,-0.07976184100327999,0.04513407424584406,-0.08692421924781696,0.03352302806933102
0.28,-0.08062627332939454,0.04307522602440629,-0.08628163124030784,0.031120333541072166
0.29,-0.08053021025635063,0.039913705789299474,-0.0858600041521174,0.028935905151744643
0.3,-0.0787011259470111,0.03592472690981854,-0.08528133717914467,0.026722566092137308
0.31,-0.07717477999150667,0.031146578809892182,-0.08419596016160448,0.024251585837507514
0.32,-0.07541898181270591,0.0262775775066761,-0.0828432344707187,0.021700310668188463
0.33,-0.07502879922050357,0.021698985906358312,-0.08142791210651464,0.019221020695981722
0.34,-0.07665589503014396,0.017744835460420594,-0.08012013569782467,0.016940929864157035
0.35000000000000003,-0.07774540483285887,0.013544968287214475,-0.07905543850228716,0.014962185947452968
0.36,-0.08048464647995986,0.010748144242427166,-0.07833474440634557,0.013361870552076244
0.37,-0.08450122691195121,0.009657286627677597,-0.07802436792524886,0.012191999115702082
0.38,-0.09039667244192208,0.010263682567510974,-0.07815601420305196,0.011479520907474419
0.39,-0.0926201498884108,0.010840660042589687,-0.07872677901261423,0.01122631902800502
0.4,-0.09203718496959216,0.010558907615246036,-0.079859738362344,0.01160233129516853
0.41000000000000003,-0.08795463769698977,0.009660337576680441,-0.08162733623424812,0.01273316092974018
0.42,-0.08464015231884546,0.008630336122774366,-0.08389926161968751,0.014517137433739802
0.43,-0.08264223761367208,0.008155600170066236,-0.0865112012253539,0.016828254207126695
0.44,-0.08239502885286933,0.00820233752083861,-0.08926483947326977,0.019516168547799737
0.45,-0.08373152652158827,0.008934006002142211,-0.09192785850078729,0.022406201651596642
0.46,-0.08660090947112074,0.010578236540430438,-0.09423393816058986,0.02529933861229508
0.47000000000000003,-0.09672454331498603,0.014302293678543536,-0.09588275602069038,0.027972228421611275
0.48,-0.105212278252248,0.017296373382762374,-0.09653998736443273,0.03017718396920131
0.49,-0.11183877029948486,0.0200348877915083,-0.09583730519049172,0.03164218204266088
0.5,-0.11440558051152905,0.022546015018216188,-0.09337238021287192,0.03207086332752454
0.51,-0.11065033870856111,0.02465005346424524,-0.08870888086090853,0.031142532407266325
0.52,-0.09979679192211832,0.025421642400904037,-0.0813764732792667,0.028512157763299382
0.53,-0.08285968049784731,0.024078247817956627,-0.0708708213279436,0.02381037177497701
0.54,-0.06419069246233086,0.021615768287033585,-0.05750697897533892,0.017242114141086236
0.55,-0.04069764623762358,0.01766525699302335,-0.04372521286703726,0.010502649056453983
0.56,-0.020103782605682078,0.013354294538797246,-0.02978373804019523,0.003756076562470241
0.5700000000000001,-0.0021429492375696366,0.00831510152191355,-0.015754619804193654,-0.0029645688107175286
0.58,0.013032574052348573,0.002625766823781295,-0.0017127633459181543,-0.009624744347917921
0.59,0.025032220897224317,-0.0034051419396248185,0.012264086270241233,-0.016188399148895985
0.6,0.0406771332949837,-0.011304061422330897,0.026095344102387494,-0.0226179741283718
0.61,0.04617226245741534,-0.014394527721991485,0.039697585331121325,-0.028874402016023024
0.62,0.05439119014130539,-0.01990320285426368,0.052984545259536546,-0.03491710735648228
0.63,0.06695586550626657,-0.02944783106493981,0.06586711931322113,-0.040704006509337955
0.64,0.08036898003825808,-0.041288959676868194,0.07825336304026331,-0.04619150764913717
0.65,0.09340584493016534,-0.05302520251626614,0.09004849211123772,-0.05133451076537879
0.66,0.10501493445260848,-0.06370335904458349,0.10115488231922079,-0.0560864076625211
0.67,0.11487926076435416,-0.07231413837409428,0.11147206957978384,-0.06039908195997866
0.68,0.12304755433429412,-0.07900617983492349,0.12089674993098853,-0.06422290909211938
0.6900000000000001,0.1300809884409979,-0.08299070433227367,0.12932277953339608,-0.06750675630826998
0.7000000000000001,0.1349019639917981,-0.08404399629867354,0.13664117467005843,-0.07019798267271074
0.71,0.13639367150291318,-0.08225795029694273,0.14274011174652704,-0.07224243906468057
0.72,0.13860310435884854,-0.08016923772338877,0.14750492729084536,-0.07358446817837269
0.73,0.14248316471412853,-0.07824000338841769,0.1508181179535526,-0.07416690452293723
0.74,0.15001367650486946,-0.07929956485520322,0.15255934050768397,-0.07393107442248031
0.75,0.1601152014094896,-0.081808509658035,0.15260541184876775,-0.07281679601606368
0.76,0.15300897160565316,-0.0760146026543064,0.15083030899482874,-0.0707623792577056
0.77,0.14985246452392495,-0.07321165654410379,0.14710516908638643,-0.06770462591638045
0.78,0.14652331601733867,-0.07037852130821187,0.14167040070144368,-0.06377396024195271
0.79,0.1424829976853796,-0.06662997318927906,0.13578688021452626,-0.05963590844745795
0.8,0.13701202163211293,-0.06148674297790991,0.12959261409573253,-0.05536715838248077
0.81,0.12957900051770238,-0.055049768167827424,0.12311365830940851,-0.0509856734198426
0.8200000000000001,0.12112940388623619,-0.04730678810331474,0.11637781419569881,-0.04651031319860893
0.8300000000000001,0.11222495447593539,-0.03816555626649507,0.10941462847054945,-0.04196083362409088
0.84,0.1041359859129854,-0.029114344432836527,0.10225539322570748,-0.03735788686784505
0.85,0.09590341430597789,-0.020803604930496558,0.09493314592871926,-0.03272302136767237
0.86,0.0853444451810707,-0.0136977348048423,0.08748266942293131,-0.0280786818276188
0.87,0.07596492066700705,-0.007641582311246865,0.07994049192749092,-0.023448209217975274
0.88,0.06811153406008225,-0.003653408520115341,0.07234488703734546,-0.018855840775277896
0.89,0.06410147357925258,-0.001731812102764868,0.06473587372324188,-0.014326710002307078
0.9,0.05753940415717424,0.0018488831199609372,0.05715521633172923,-0.009886846668089616
0.91,0.04909642185467814,0.004928448279530036,0.04964642458515533,-0.005563176807895989
0.92,0.04169649150730671,0.007907267871138147,0.042254753581669316,-0.001383522723242686
0.93,0.034799347509847485,0.010910821180712498,0.03502720379522001,0.0026233970181094787
0.9400000000000001,0.028708831946538005,0.013180967800523415,0.02801252107555577,0.006427967582155053
0.9500000000000001,0.02217433579748895,0.015252478853984093,0.021261196648225823,0.009999677868643551
0.96,0.01580922744369202,0.016411227919975332,0.014825467114581443,0.013307120511077748
0.97,0.009342005202810151,0.01724459851590937,0.008759314451772249,0.01631799187671725
0.98,0.0027487605910624952,0.017770150073044225,0.0031184660127465055,0.01899909206657766
0.99,-0.003193599730812886,0.01852657657498432,-0.0020396054737417124,0.021316324915425622
1.0,-0.0095234514651439,0.01909875173411228,-0.006655681903143661,0.023234697991787
1.01,-0.015797413913067198,0.0185575791997953,-0.010668799795107528,0.024718322597940358
1.02,-0.021885703743083663,0.017524192591195954,-0.014016250293482958,0.025730413769920885
1.03,-0.02770333840868557,0.01624969070744973,-0.016633579166314437,0.026233290277515333
1.04,-0.03272137527475604,0.015374008255641156,-0.018454586805854056,0.026188374624270573
1.05,-0.03609421964744487,0.013834954120849853,-0.01941132822854679,0.025556193047484306
1.06,-0.03774241430747787,0.011864555248782731,-0.01943411307504218,0.024296375518212066
1.07,-0.03800675702237469,0.010786637623573207,-0.018451505610184896,0.02236765574126176
1.08,-0.03577821400931591,0.009349038217051658,-0.016424149779297036,0.019751255502333115
1.09,-0.031092417675730802,0.007647871998732314,-0.014132678368588454,0.016995591561284103
1.1,-0.024682209588331255,0.005944546739908546,-0.011943660417638433,0.014363135487185996
1.11,-0.017705915537484178,0.004067285115159633,-0.009875406228755783,0.011875906773533803
1.12,-0.011505962419344531,0.0022722253849182046,-0.007946833190775377,0.009556654980294729
1.1300000000000001,-0.0057230363052755435,0.0006858257587317808,-0.006177465779055588,0.007428859733905107
1.1400000000000001,-0.0013821263266816132,-7.815670730205621e-06,-0.004587435555481353,0.005516730727274073
1.1500000000000001,0.0013180326124655674,0.0002798139122354742,0.0,0.0
1.16,0.0032869468711957932,0.0008349880001499608,0.0,0.0
1.17,0.004157260703466283,0.001596517759388685,0.0,0.0
1.18,0.0048759566234610014,0.002922537797816191,0.0,0.0
1.19,0.005633794179280696,0.00403502285069321,0.0,0.0
1.2,0.006834818985656311,0.004203016516535828,0.0,0.0
1.21,0.007101647995219721,0.0044923425296083015,0.0,0.0
1.22,0.006612383137013204,0.0040990769432257,0.0,0.0
1.23,0.005987364228820931,0.003658280947782073,0.0,0.0
1.24,0.0055184302664651776,0.0034077283252435253,0.0,0.0
1.25,0.005328206207958551,0.00284874179245166,0.0,0.0
1.26,0.004434451305385228,0.0025588421196326605,0.0,0.0
1.27,0.002820476478964637,0.001550997114308337,0.0,0.0
1.28,0.0021693377336655293,0.0008337930648690564,0.0,0.0
1.29,0.0014299253018783408,0.0006651739029572549,0.0,0.0
1.3,0.0005482688513023639,0.00041618274601666784,0.0,0.0
1.31,-0.00026700314598641754,0.0006421987776510425,0.0,0.0
1.32,-0.0012254547010406391,0.001302972107441003,0.0,0.0
1.33,-0.001709376362892302,0.002180053283673847,0.0,0.0
1.34,-0.0019644962096882074,0.0023981380193362403,0.0,0.0
1.35,-0.002367692914172566,0.0026932896817034495,0.0,0.0
1.36,-0.0024870873296399297,0.0019626466034471032,0.0,0.0
1.37,-0.0020557478510631,0.001365593063052986,0.0,0.0
1.3800000000000001,-0.0017505296403489345,0.0008652870853376402,0.0,0.0
1.3900000000000001,-0.0019581888777149897,0.00041784431876918445,0.0,0.0
1.4000000000000001,-0.0020858896728426527,1.3543619945724926e-05,0.0,0.0
1.41,-0.0013319144938873464,-0.00048697408530119774,0.0,0.0
1.42,0.00045066734893586347,-0.0011157278120898066,0.0,0.0
1.43,0.004985855954727669,-0.0026601960469119267,0.0,0.0
1.44,0.01239651395381847,-0.004882132300528721,0.0,0.0
1.45,0.02211884771120013,-0.007617163914715784,0.002561230376575793,-0.0010177591970367142
1.46,0.03342670461257382,-0.01033084217581939,0.009358623654627302,-0.0037188475442167714
1.47,0.043362144238147236,-0.01219777200903975,0.019152937803757455,-0.00761082594456316
1.48,0.053255633664743604,-0.013857966678531002,0.030825203789725513,-0.012249048326323304
1.49,0.06260083459230878,-0.015587281574930839,0.04337672557444707,-0.017236661642969057
1.5,0.07015975368347489,-0.017241813478624957,0.0559290801159941,-0.02222460587319672
1.51,0.07852411087415852,-0.02013926498647471,0.06772411736859488,-0.026911614020927028
1.52,0.08128291911663106,-0.021113241583019787,0.07812396028263402,-0.03104421211530514
1.53,0.08325157280898175,-0.02333698394030825,0.0866110048046525,-0.03441671921070064
1.54,0.08764147942301126,-0.02782439202203632,0.09278791987734764,-0.0368712473867076
1.55,0.09226242054121943,-0.03315603668532253,0.09702884064092687,-0.03853805767305435
1.56,0.09500860866190038,-0.0381061156894516,0.09972296111323622,-0.03955636951045428
1.57,0.09527423777677815,-0.04195271094610231,0.10068082824999032,-0.039855223419347906
1.58,0.0940522729107855,-0.044741196654404375,0.09983976893949459,-0.03941385466077716
1.59,0.09145902148410585,-0.04592937458748894,0.09726389000264424,-0.03826169323638489
1.6,0.08826575398927519,-0.045577677867993355,0.09314407819292513,-0.03647836388841527
1.61,0.08402511788255809,-0.04405042225321243,0.08779800019641334,-0.03419368609971363
1.62,0.07727615600747316,-0.04069062596786462,0.08167010263177532,-0.031587674093726426
1.6300000000000001,0.07248454134083948,-0.037248006568413344,0.07533161205026712,-0.028890536834501088
1.6400000000000001,0.06989268187881773,-0.03496697260436742,0.06948053493573621,-0.026382678026686597
1.6500000000000001,0.07068993352353223,-0.03417166777385246,0.06477242693033444,-0.024409902890026418
1.6600000000000001,0.07363262276895735,-0.03450778366352455,0.06200503189693503,-0.02336682682367051
1.67,0.07189568259417485,-0.03294833529987988,0.06227940942570421,-0.02368239677681667
1.68,0.07214966095193565,-0.03246889355449388,0.06637738939582499,-0.025658782336825312
1.69,0.07289248747779192,-0.03226007614477819,0.07091259804749313,-0.02794190432742471
1.7,0.0745815911616669,-0.03234689890086686,0.07486054352707618,-0.030116302760381814
1.71,0.07691155521182808,-0.03284097962034799,0.07817996661828105,-0.032157301316419355
1.72,0.07666130470971033,-0.03212419944593432,0.08083558287638232,-0.034042673211019225
1.73,0.07690724929936354,-0.03133435821431895,0.08279808262822204,-0.03575264119442245
1.74,0.07875002584779141,-0.0297523940806431,0.08404413097220999,-0.03726987755162929
1.75,0.08096851880781489,-0.028055142190065392,0.08483500034608533,-0.038432567266125664
1.76,0.08302044206816772,-0.025947824736525914,0.08540452456217432,-0.03909896540525801
1.77,0.0843555210676896,-0.02312171765809156,0.08569831709711134,-0.03928492030990982
1.78,0.08801925016648257,-0.022261896075069912,0.08566949174442148,-0.03900792535966198
1.79,0.08887345938497739,-0.021276534031230036,0.08527866261452142,-0.03828711897279312
1.8,0.08926535592816946,-0.022402440530032732,0.08449394413471835,-0.03714328460627922
1.81,0.08902340276862397,-0.025162967799071755,0.0832909510492108,-0.03559885075579383
1.82,0.08571360810866262,-0.028091428030913572,0.08165279841908807,-0.033677890955708015
1.83,0.08029331963089845,-0.03126663752103157,0.07957010162233083,-0.031406123779090446
1.84,0.07413232987177391,-0.03374734504682155,0.07704097635381045,-0.028810912837707175
1.85,0.06384257582919188,-0.03631677863711858,0.07241531277486928,-0.02595945859987391
1.86,0.05385679168595169,-0.035123876004805876,0.06442688680331561,-0.02291192467387846
1.87,0.04369196213118292,-0.03246758632549871,0.05363612004880899,-0.019688158370661676
1.8800000000000001,0.033659494341217774,-0.02808564480310068,0.04057790351090449,-0.01631041394808935
1.8900000000000001,0.023157723599168782,-0.022736143949091486,0.02576159757905041,-0.012803352610951314
1.9000000000000001,0.013098614208569642,-0.017409996079265817,0.00967103203259187,-0.009194042510962766
1.9100000000000001,0.001018274304329869,-0.011695434016155918,-0.007235493959232446,-0.005511958746763076
1.92,-0.008179466112984419,-0.008662673321214566,-0.024525211837288563,-0.001788983363916447
1.93,-0.022745578578379198,-0.005609005432251909,-0.04179088365254741,0.0019405946450881343
1.94,-0.0412297063476288,-0.0032699652478602862,-0.058650802066085514,0.005640079340837266
1.95,-0.06262527765780135,-1.3072581600390284e-05,-0.07475834515938483,0.009281307192761308
1.96,-0.08792819079623042,0.0050453819387685775,-0.08979183137434905,0.012833031943200906
1.97,-0.11090518700527184,0.011016024618859662,-0.10344527016295427,0.016250334974446876
1.98,-0.13277112522576598,0.017809396897831106,-0.11543821536743175,0.019485906498834974
1.99,-0.14932619650581444,0.023352791576860994,-0.1255157652202651,0.02249004555874468
2.0,-0.15969813502732325,0.028614570538085138,-0.13344856234419153,0.025210660026599725
2.0100000000000002,-0.16227427738870429,0.03242515586295194,-0.13903279375220262,0.027593266604868372
2.02,-0.15382061637494,0.03251892494913894,-0.14209019084754132,0.029580990826062362
2.0300000000000002,-0.14323214948709465,0.03283267133229749,-0.1424680294237054,0.03111456705273813
2.04,-0.1324267817085232,0.03309751379654043,-0.14003912966444687,0.032132338477496546
2.05,-0.12334142503691528,0.0337679092433834,-0.13539497282485136,0.03282608703736952
2.06,-0.11495901728611839,0.035575969042095805,-0.12928742173867255,0.0334349720121663
2.07,-0.10684069101476987,0.0365029264523696,-0.1218383856993095,0.03395381670786357
2.08,-0.10056052293329557,0.03792345498317138,-0.11320177523420753,0.03437743648662519
2.09,-0.09475911006531838,0.039081745507894096,-0.10356355219749871,0.034700657256035924
2.1,-0.08904081963815412,0.040823916888459766,-0.09314172977000336,0.034918315469101395
2.11,-0.08045842539920123,0.0421786297362587,-0.08218637245922802,0.03502525812424828
2.12,-0.0700340270065049,0.04228223436540827,-0.07097959609936796,0.035016342765324004
2.13,-0.05880001000600281,0.04197370880783382,-0.05983556785130462,0.0348864374815969
2.14,-0.0494387857892881,0.041664956511352734,-0.049100506202606364,0.03463042090775634
2.15,-0.04483025292334123,0.04188552195172193,-0.03915268096753127,0.03424318222391263
2.16,-0.0347591821425475,0.03884967910565965,-0.03040241328702288,0.033719621155596714
2.17,-0.028024190898897277,0.03625049616442401,-0.023292075628711422,0.033054647973760856
2.18,-0.022788251768728167,0.0334264755990446,-0.018296091786916574,0.03224318349477779
2.19,-0.019181200003116055,0.031204545496038082,-0.015920936882642754,0.031280159080441565
2.2,-0.01738119025258282,0.028938796023558158,-0.016527951224652473,0.030164603703915785
2.21,-0.01717307780660858,0.027251296739942837,-0.017960282249193507,0.028954382118596377
2.22,-0.01664811058605183,0.02486965441235736,-0.01941360397370001,0.02767691086686737
2.23,-0.01650875835500957,0.022677785761329255,-0.020873288418181868,0.026342140771465104
2.24,-0.017706770411112675,0.021561730790678333,-0.02232372800233872,0.02496079510877455
2.25,-0.019403307440596516,0.020582147237084396,-0.023748335545561775,0.023544369608828754
2.2600000000000002,-0.021592737814978058,0.019536470567846888,-0.02512954426693389,0.022105132455308332
2.27,-0.024501714475851703,0.018469645402992733,-0.026448807785229074,0.020656124285542404
2.2800000000000002,-0.027090526247783433,0.017404847607729788,-0.027686600118912344,0.019211158190507758
2.29,-0.029752653220190245,0.016410370605401528,-0.028822415686139455,0.017784819714829692
2.3000000000000003,-0.032209041514995006,0.01518649568211132,-0.029834769304758164,0.016392466856781113
2.31,-0.034836543517274075,0.01451942241004228,-0.03070119619230722,0.015050230068283323
2.32,-0.035067301839401495,0.013144248736622887,-0.03139825196601644,0.013775012254905187
2.33,-0.035780191003997916,0.011893982531772844,-0.031901512642805975,0.012584488775864683
2.34,-0.03633691073279461,0.011112392188732806,-0.03218557463928907,0.011497107444026383
2.35,-0.036895999429309434,0.010444192408860372,-0.03222405477176914,0.010532088525903725
2.36,-0.03815901805968098,0.010037510601852637,-0.03198959025624013,0.009709424741658554
2.37,-0.03702620743184693,0.008936320183580716,-0.03145383870838851,0.00904988126509998
2.38,-0.03612566107147348,0.00806404902563585,-0.030587478143591217,0.008574995723685398
2.39,-0.035063290976395545,0.006898663536764723,-0.02936020697691631,0.008307078198520708
2.4,-0.03344847899499236,0.005742848241315988,-0.02774074402312359,0.008269211224359184
2.41,-0.031325410889834586,0.004927034811422958,-0.02569682849666259,0.00848524978960284
2.42,-0.02855175059979299,0.0038120228742485533,-0.02337969066686603,0.008882540768287884
2.43,-0.024899655044273748,0.0035535130194159657,-0.02117376615556184,0.00926570609386203
2.44,-0.021280847789803027,0.0033773055670163732,-0.019109409417801246,0.009626348203243701
2.45,-0.017100041177404397,0.0036826714596996466,-0.01720520241231288,0.009962533618840341
2.46,-0.013530256651959904,0.004296036096174165,-0.015480273042838548,0.010272296820645907
2.47,-0.009254169523257822,0.005238225812470775,-0.013954295158136275,0.01055364024624062
2.48,-0.005412416924965608,0.006200404117686619,-0.01264748855197697,0.010804534290791269
2.49,-0.0027416509321783545,0.007460127129137669,-0.011580618963148045,0.011022917307050831
2.5,-0.0017395974762942335,0.009153738449831176,-0.010774998075449661,0.011206695605358903
2.5100000000000002,-0.0013455043706577343,0.010789641860799757,-0.01025248351769786,0.011353743453641344
2.52,-0.0012041996190486535,0.012290817630779518,-0.010035478863723135,0.01146190307741041
2.5300000000000002,-0.001988429851650984,0.013370708209680221,-0.0100754248759503,0.011535410308632584
2.54,-0.0032740876208067855,0.01358133147203783,-0.010128408971841033,0.011596072096443682
2.5500000000000003,-0.0050243464950121075,0.013723959977854814,-0.010171862946863591,0.011645822795555413
2.56,-0.0076245873559404,0.014104564760784963,-0.0102057247903508,0.01168459140960801
2.57,-0.00995117266606934,0.014659281799926593,-0.010229946271783742,0.01171232271921053
2.58,-0.012115270517663888,0.01521357898712926,-0.010244492940791763,0.011728977281940877
2.59,-0.013201740213588553,0.01578125549202387,-0.010249344127152485,0.011734531432345804
2.6,-0.013812437875362097,0.016325242467805888,-0.010244492940791763,0.011728977281940877
2.61,-0.014025520103428425,0.017321921002831926,-0.010229946271783742,0.01171232271921053
2.62,-0.01383403672322182,0.017719154222838974,-0.010205724790350795,0.011684591409608005
2.63,-0.013161581513260856,0.0184722411977039,-0.010171862946863595,0.011645822795555419
2.64,-0.012692849202401591,0.018226313849260507,-0.010128408971841033,0.011596072096443682
2.65,-0.012512494173368527,0.017639555247915568,-0.010075424875950296,0.011535410308632579
2.66,-0.012571294229126477,0.01698541010070697,-0.010012986450006837,0.011463924205450749
2.67,-0.013350464579441019,0.016131739144400217,-0.009941183264974318,0.0113817163371956
2.68,-0.013472358446555803,0.014440680422315923,-0.009860118671964705,0.011288905031133433
2.69,-0.012751273069575674,0.01188137595459395,-0.009769909802238234,0.011185624391499397
2.7,-0.01115627761682354,0.009314489550977991,-0.009670687567203398,0.011072024299497473
2.71,-0.008883159768525816,0.006579719058442896,-0.009562596658416876,0.0109482704133004
2.72,-0.006473128014262774,0.0042256699690024204,-0.00944579554758373,0.010814544168049892
2.73,-0.004324885481021506,0.0026663852342116686,-0.009320456486557209,0.010671042775856414
2.74,-0.0007902871756522768,0.0007220630020533315,0.0,0.0
2.75,0.0012312399420599208,-0.0005436194530226137,0.0,0.0
2.7600000000000002,0.002583509986640999,-0.001301226650509103,0.0,0.0
2.77,0.0034018669096093322,-0.0015393518207201284,0.0,0.0
2.7800000000000002,0.003951266884604308,-0.0018818351029251364,0.0,0.0
2.79,0.0043105074288484774,-0.002307419288347681,0.0,0.0
2.8000000000000003,0.004638476630197543,-0.0028503952969128046,0.0,0.0
2.81,0.0036515859908054513,-0.002230547620300366,0.0,0.0
2.82,0.002309715612460888,-0.0010784370965137642,0.0,0.0
2.83,0.0009937028853646748,0.00010439214927211097,0.0,0.0
2.84,0.00031956624338969427,0.0001652329699925704,0.0,0.0
2.85,0.000567984689113021,-0.0008805269943069582,0.0,0.0
2.86,0.0009962818434989286,-0.0029086172931268237,0.0,0.0
2.87,0.0011422911247734912,-0.0037837190868424382,0.0,0.0
2.88,0.0014214242172621574,-0.004797178424304935,0.0,0.0
2.89,0.0018777353314367203,-0.005708141031285688,0.0,0.0
2.9,0.0013940501239950067,-0.005806034271702223,0.0,0.0
2.91,-0.0007106263341789248,-0.004525244819449721,0.0,0.0
2.92,-0.0047735595102928845,-0.001209999410170125,0.0,0.0
2.93,-0.010632351145652403,0.0028956545483773593,0.0,0.0
2.94,-0.018668432178573887,0.009132508013686985,-0.0016217656565721582,0.0012380867212984403
2.95,-0.030329741273205955,0.016866497314986333,-0.00617864038792883,0.004716891487356863
2.96,-0.04278156364615904,0.026202746574651055,-0.013224891703459564,0.010096133644407753
2.97,-0.05724750104217703,0.0368137193828905,-0.022337321601792928,0.017052735796000706
2.98,-0.07069161714026724,0.046436151929776556,-0.033115266570796484,0.025280823803002415
2.99,-0.08303402159699692,0.0548666323295145,-0.04518059758757683,0.03449172678359671
3.0,-0.0938228040132536,0.0612482980450825,-0.05817772011847956,0.044413977113284514
3.0100000000000002,-0.10205156410647943,0.06643671511833815,-0.07177357411908926,0.054793310424883834
3.02,-0.10937471441882252,0.07153727490469718,-0.08565763403422953,0.06539266560852981
3.0300000000000002,-0.11325398659080972,0.07504879663573265,-0.09954190879796306,0.07599218481167473
3.04,-0.11670913511875393,0.07861993028571672,-0.11268236576356613,0.08601715209941113
3.0500000000000003,-0.12035293896178562,0.08400575328101877,-0.12439497688425735,0.09493918533464013
3.06,-0.12474703344141497,0.08987027331386913,-0.13451472644312468,0.10263308442355432
3.0700000000000003,-0.13425237637632045,0.09891694084942554,-0.142898022166166,0.10898998876439904
3.08,-0.13306620418784293,0.09964499300609707,-0.14942269522228926,0.11391737724747249
3.09,-0.13630991260618017,0.10238690291558897,-0.15398800022331252,0.11733906825512579
3.1,-0.14252975641472934,0.10769897935604397,-0.15651461522396357,0.11919521966176258
3.11,-0.1496332912235312,0.1141015963178204,-0.15694464172188052,0.11944232883383964
3.12,-0.15463835793634098,0.11891866304092545,-0.15524160465761155,0.11805323262986658
3.13,-0.15738604544525045,0.12315266779916459,-0.1513904524146143,0.11501710740040538
3.14,-0.1555231444993039,0.12375326938844926,-0.14772100296238216,0.11225310153643511
3.15,-0.15150130068507844,0.12331816038149071,-0.1459840600876034,0.11120217155978934
3.16,-0.1481764903135549,0.1225010092890282,-0.14537329654333003,0.11119786906761871
3.17,-0.1442590771146515,0.11991981184921298,-0.14516395583143601,0.11163962356542692
3.18,-0.13663662571138185,0.11335032065944398,-0.14471285220261898,0.11199274246707236
3.19,-0.13087316325124412,0.10790717626263541,-0.143458370656399,0.11178841109476684
3.2,-0.12796835559495137,0.10475767799060695,-0.14092046694111984,0.11062369267907673
3.21,-0.13023663041606348,0.10527966839720038,-0.13670066755394789,0.10816152835892213
3.22,-0.13297243527843539,0.10613007169628363,-0.1304820697408724,0.10413073718157699
3.23,-0.12914786620711532,0.1020531338910145,-0.12202934149670555,0.09832601610266917
3.24,-0.12530121275810924,0.09798140590670673,-0.11522321382687531,0.09326594373329442
3.25,-0.1231024604835878,0.09480535703752344,-0.11306485870426979,0.09090176517630873
3.2600000000000002,-0.12171236072627901,0.09251838562899455,-0.11418835115948439,0.09031973268512476
3.27,-0.12251857858221994,0.09119782126592958,-0.11739785625374524,0.09073029468499039
3.2800000000000002,-0.12171182011403063,0.08870429350974211,-0.1216676290789074,0.0914680957729877
3.29,-0.12157391865546231,0.08691794300577549,-0.12614201475745568,0.09199197671803336
3.3000000000000003,-0.12363983599647951,0.08709007673322941,-0.13013544844250924,0.09188497446088216
3.31,-0.12718619499488457,0.08778102717569836,-0.1331324553178118,0.09085432211411969
3.3200000000000003,-0.13041201459585164,0.08874414997273845,-0.1347876505977398,0.08873144896216834
3.33,-0.139400678159772,0.09071424602272833,-0.1349257395273024,0.08547198046128757
3.34,-0.13321789239510443,0.08646552735621242,-0.13445893485302554,0.0819260382513423
3.35,-0.13050944297288092,0.08240870950571413,-0.13433282021175444,0.0789531453437015
3.36,-0.13009954567049523,0.07806893360539786,-0.1343470637934436,0.07645766595019295
3.37,-0.13081960405615387,0.07308129343166285,-0.13205426589869343,0.07262344963670808
3.38,-0.12437460567376335,0.06519149488674286,-0.12692574007185342,0.06709406780424321
3.39,-0.12141960568402618,0.05632994938606872,-0.11910760093106985,0.06002318749978974
3.4,-0.11779988360909374,0.042565524127144774,-0.10890130488827593,0.05167800633047924
3.41,-0.11133976350769291,0.03239767873348698,-0.0967636501491952,0.04243925246358577
3.42,-0.10120553444772272,0.023191694492163083,-0.08330677671334026,0.03280118462652527
3.43,-0.08462644872132569,0.014076255372918988,-0.06929816637401219,0.023371592106854917
3.44,-0.06295827723167906,0.006447333209664675,-0.05566064271830501,0.014871794752276325
3.45,-0.03897087404730441,-0.00021581609865397862,-0.042691419608340345,0.00749343708035774
3.46,-0.01586087831442612,-0.00454551843883425,-0.027396070379409443,-0.0012973032324821027
3.47,-0.0010646627093559165,-0.005209506409605892,-0.009670281657102056,-0.011668310350934408
3.48,0.020629496899149898,-0.009593787619517817,0.01001092362641351,-0.023324728278799847
3.49,0.04052750092572606,-0.015373265775823913,0.03107732805109195,-0.03590770887603793
3.5,0.05983317204295932,-0.02462712313049313,0.052863519709012735,-0.04899441185876824
3.5100000000000002,0.07865260896423804,-0.036443828168550074,0.07460889220437597,-0.06209800479926779
3.52,0.10592779229027574,-0.05056006139259611,0.09545764465351025,-0.07466766312597577
3.5300000000000002,0.12881354291538816,-0.06349636350716296,0.11445878168486581,-0.08608857012348964
3.54,0.14947127671329552,-0.07641661088642424,0.1305661134390142,-0.09568191693256428
3.5500000000000003,0.1661991821126411,-0.08732778828127732,0.1426382555686538,-0.10270490255011636
3.56,0.1761159914267686,-0.09435249904612465,0.14943862923860776,-0.1063507338292223
3.5700000000000003,0.17747192034719855,-0.09815678854006117,0.1496354611258195,-0.1057486254791156
3.58,0.17196296262071054,-0.09777496937675785,0.1456795756894495,-0.1025185667410475
3.59,0.1619722215152903,-0.09573368228698195,0.14215473340009482,-0.09968449140233573
3.6,0.1500703932408521,-0.09427255140214764,0.13910100747508367,-0.09727558559320526
3.61,0.13864548564085133,-0.09296375815936152,0.13652871629242236,-0.09530015624208632
3.62,0.12468767958675275,-0.09124156497654723,0.13444150302405042,-0.09376083639705121
3.63,0.11280092316925804,-0.09070047060930357,0.13283633563583605,-0.09265458522581077
3.64,0.1033086435215615,-0.09101787152091785,0.13170350688757984,-0.0919726880157174
3.65,0.09758110573033683,-0.09344840277480045,0.13102663433301312,-0.09170075617376366
3.66,0.09687284473432074,-0.09831194853550339,0.1307826603197985,-0.09181872722658277
3.67,0.09858147392042944,-0.10327486533303432,0.13094185198952904,-0.09230086482044786
3.68,0.1023950705141238,-0.10765580538621776,0.1314678012777282,-0.09311575872127205
3.69,0.10800441961233491,-0.11148390864888567,0.13231742491385268,-0.09422632481461057
3.7,0.11600975483733499,-0.11546513018651593,0.13344096442128803,-0.09558980510565739
3.71,0.12504615298842145,-0.11958534889162643,0.1347819861173522,-0.09715776771924799
3.72,0.13321983668286808,-0.1225140593755388,0.136277381113293,-0.09887610689985728
3.73,0.1400254535140022,-0.12403991915887798,0.13785736531428894,-0.10068504301160049
3.74,0.1440094688366405,-0.12413337942991501,0.1394454794194539,-0.10251912253823652
3.75,0.1468193374794319,-0.12375465484139245,0.1409585889218244,-0.10430721808315821
3.7600000000000002,0.1498648222641839,-0.12342096227463029,0.14230688410837672,-0.10597252836940561
3.77,0.1515309362975343,-0.12320406066560181,0.1433938800600123,-0.10743257823965469
3.7800000000000002,0.1508763394976869,-0.12115625825721309,0.1441164166515663,-0.10859921865622382
3.79,0.14823945064102875,-0.1187134300248481,0.14436465855180536,-0.10937862670107232
3.8000000000000003,0.146329071167586,-0.11713803092288924,0.14402209522342357,-0.10967130557579685
3.81,0.14535123805185726,-0.1159057800705202,0.14296554092304925,-0.1093720846016373
3.8200000000000003,0.14491790056945267,-0.11505279957530366,0.14106513470124346,-0.10837011921947522
3.83,0.14284049033510346,-0.11251866270399014,0.13818434040249244,-0.1065488909898279
3.84,0.13856161099962339,-0.10808292511340695,0.13417994666521765,-0.10378620759285649
3.85,0.13457932576186124,-0.10335425554693049,0.12890206692177292,-0.09995420282836351
3.86,0.12990381727930528,-0.09818742416078295,0.12219413939843679,-0.09491933661578693
3.87,0.12510012905096118,-0.09288708854718708,0.11389292711542712,-0.08854239499421186
3.88,0.11832174892868934,-0.08664954690669488,0.10449303515690345,-0.08123644511794109
3.89,0.11121964339313291,-0.0800128402690262,0.09520501336566906,-0.07401562057815352
3.9,0.1043094713195038,-0.07338939525449885,0.08609649908708535,-0.06693435129367852
3.91,0.0975456553394082,-0.06634670030959665,0.07720655937780872,-0.060023009325191876
3.92,0.09069744361221396,-0.0586639247106732,0.06857537234082606,-0.05331283049863491
3.93,0.08144448847857508,-0.049303437920752764,0.06024422712545174,-0.046835914405211995
3.94,0.07099031044694047,-0.039403875413228234,0.05225552392732821,-0.04062522440139114
3.95,0.058253828504122224,-0.0293983905424909,0.044652773988427846,-0.0347145876089053
3.96,0.04492416912980321,-0.0206681200977816,0.037480599597052904,-0.029138694914752468
3.97,0.0328877100693494,-0.01381337396585829,0.03078473408783012,-0.02393310097119139
3.98,0.020905843941956864,-0.007476474255690053,0.024612021841720354,-0.019134224195749096
3.99,0.010392728133640386,-0.002805738197098848,0.01901041828601562,-0.014779346771218591
4.0,0.002307353148143324,0.0013331463713685658,0.014028989894326273,-0.01090661464564888
4.01,-0.003833921691716408,0.005332532556499053,0.009717914186604146,-0.007555037532362969
4.0200000000000005,-0.007315557485194545,0.00901515602808981,0.006128479729121235,-0.004764488909941289
4.03,-0.008840613682026217,0.0129676892696772,0.0033130861344831063,-0.0025757060222321164
4.04,-0.009130723145823201,0.016241196320246634,0.001325244061621581,-0.0010302898783458906
4.05,-0.007846322593106853,0.01903575624917512,0.00021957521579900221,-0.0001707052526585286
4.0600000000000005,-0.0057943101031624165,0.020675884993764923,0.0,0.0
4.07,-0.003340191495483049,0.02120766039096507,0.0,0.0
4.08,2.8984492142310105e-05,0.020603181231624895,0.0,0.0
4.09,0.002407100480724843,0.020364022307706318,0.0,0.0
4.1,0.0030909383214469876,0.019128974101847433,0.0,0.0
4.11,0.00373067016246993,0.017659352910706163,0.0,0.0
4.12,0.004110726473015826,0.016299152716290084,0.0,0.0
4.13,0.004420169735072302,0.014584797760678897,0.0,0.0
4.14,0.005578136313696655,0.012947969117191324,0.0,0.0
4.15,0.006529081005921031,0.010650381032391572,0.0,0.0
4.16,0.00837243913212161,0.008910234950794639,0.0,0.0
4.17,0.010712504009308682,0.0066315122361267,0.0,0.0
4.18,0.013466026892942023,0.005126138842553574,0.0,0.0
4.19,0.01574106590133719,0.00407098040534008,0.0,0.0
4.2,0.01653950039389931,0.0029286931730384863,0.0,0.0
4.21,0.01536857597686613,0.0021954327855885076,0.0,0.0
4.22,0.01328940222980722,0.001756619231387846,0.0,0.0
4.23,0.010347540223896329,0.0011546161883026883,0.0,0.0
4.24,0.006639627161194686,0.0007850336134298183,0.0,0.0
4.25,0.002769639911992519,0.0005491841425093448,0.0,0.0
4.26,-0.0006785504930071185,8.94071742061335e-05,0.0,0.0
4.2700000000000005,-0.0033266239499395306,-0.00015972911416526527,0.0,0.0
4.28,-0.0044571154533272865,-0.00020205045288495892,0.0,0.0
4.29,-0.004827578003909232,-8.882313337720864e-05,0.0,0.0
4.3,-0.004438446521991341,0.00010712066032882942,0.0,0.0
4.3100000000000005,-0.0038172382270622203,0.0,0.0,0.0
4.32,-0.0028962968062293502,0.0,0.0,0.0
4.33,-0.0013941721589094363,0.0,0.0,0.0
4.34,-2.832601059099695e-05,0.0,0.0,0.0
4.3500000000000005,0.0006210009900439956,0.0,0.0,0.0
4.36,0.0003107445787645251,0.0,0.0,0.0
4.37,0.000250308665469631,0.0,0.0,0.0
4.38,-0.00013511077378150122,0.0,0.0,0.0
4.39,-3.378877505308983e-05,0.0,0.0,0.0
4.4,0.0,3.159104701454049e-05,0.0,0.0
4.41,0.0,0.00012327870961220517,0.0,0.0
4.42,-0.00013753815943558134,-0.0002475702687060631,0.0,0.0
4.43,9.579678579304956e-05,-0.0003640529076369716,0.0,0.0
4.44,0.00021402662175848362,-7.928925888947872e-05,0.0,0.0
4.45,9.172887965608957e-05,0.000401296545125693,0.0,0.0
4.46,-0.00014206524161873173,0.00061068408454239,0.0,0.0
4.47,-0.00039748833007409684,0.0009393929892525027,0.0,0.0
4.48,-0.0006088727348891629,0.00169527853834575,0.0,0.0
4.49,-0.00043634278545627857,0.0024854147461238034,0.0,0.0
4.5,-0.0005554879868091693,0.0022119986802860837,0.0,0.0
4.51,-0.0006017638762974693,0.0006684273996636644,0.0,0.0
4.5200000000000005,-0.0009542831401595357,-0.0025147365191329416,0.0,0.0
4.53,-0.0010802139586415936,-0.006680078582366209,0.0,0.0
4.54,-0.00010340916532324701,-0.01228167914337393,0.0003892198057896327,-0.00018329783247551473
4.55,-0.0004626700551787191,-0.015448497718580565,0.002772341353509763,-0.0013055968720544226
4.5600000000000005,0.003839228055855845,-0.021457931131528007,0.007138127602335914,-0.003361605185500215
4.57,0.0119621708415376,-0.028573356650851933,0.01327838894580546,-0.0062532786778287976
4.58,0.023299876946794078,-0.03474550573082852,0.02099206386718804,-0.009885930132041674
4.59,0.03723373370765834,-0.04034494163363058,0.030085218939485577,-0.014168229209125966
4.6000000000000005,0.04997003278159574,-0.04402952618827174,0.04037104882543224,-0.019012202448054377
4.61,0.06321454735102487,-0.04836386659572194,0.05166987627749452,-0.024333233265785244
4.62,0.07495479320462635,-0.05249984514225563,0.06380915213787114,-0.030050061957262487
4.63,0.08469483896721619,-0.05597811397209066,0.07662345533849307,-0.03608478569541563
4.64,0.09493568255321405,-0.060584750213012795,0.08946523030558166,-0.04229368988709349
4.65,0.09496368421815625,-0.0600188607805915,0.10022266619423216,-0.04832840256686791
4.66,0.09959917477839765,-0.06314084689468756,0.10889088729771625,-0.05414076519773561
4.67,0.10755323253053214,-0.0683955090579125,0.11571267652001341,-0.05971998070256896
4.68,0.11856836299578515,-0.07616399868328949,0.12091787995870283,-0.06505577224261405
4.69,0.12529152005936753,-0.07955943063995088,0.12472340690496389,-0.07013838321749086
4.7,0.12984140662435276,-0.0811287919140671,0.12733322984357576,-0.07495857726519317
4.71,0.13242565567924097,-0.08188190505173401,0.12893838445291772,-0.0795076382620885
4.72,0.13291978801780815,-0.08231903219504765,0.1297169696049687,-0.08377737032291818
4.73,0.13174933833237346,-0.08249675246556648,0.12983414736530766,-0.08776009780079733
4.74,0.13042477572503205,-0.08334905461728338,0.12948903522699112,-0.09137635101037873
4.75,0.11814451782576676,-0.07778144546906894,0.12901556043836032,-0.09431933497719171
4.76,0.1113131548405085,-0.07561264802187535,0.12854165768080764,-0.09658049351166215
4.7700000000000005,0.11242421743366646,-0.0785915472705527,0.12815849663124035,-0.09818853702270872
4.78,0.12114701064397189,-0.08612196228141984,0.12794497584959688,-0.09917166957292409
4.79,0.12886804879359492,-0.0926173395095924,0.12796772277884724,-0.09955758887857533
4.8,0.12680108174237031,-0.091548535989728,0.12828109374499236,-0.0993734863096036
4.8100000000000005,0.12874135767713976,-0.0923446775283504,0.12892717395706474,-0.09864604688962444
4.82,0.13408390157208236,-0.09476608705725956,0.12993577750712815,-0.09740144929592758
4.83,0.13974886568352038,-0.09719266462485966,0.1313244473702775,-0.09566536585947688
4.84,0.1458537854819616,-0.09816710621232257,0.13308664222557678,-0.09345187643558718
4.8500000000000005,0.14598642874571283,-0.09535110382497976,0.13516504768372023,-0.0907384222093264
4.86,0.1450902640380685,-0.09229936479707053,0.13753709066368003,-0.08754605703459079
4.87,0.14590449127907687,-0.09052875491672402,0.14017396929375733,-0.0839009988663728
4.88,0.14935504214662046,-0.09051229259887836,0.14303457266928257,-0.07982892373090165
4.89,0.15048762254678844,-0.08849131542244498,0.14606548085261756,-0.07535496572564486
4.9,0.14541839402341786,-0.08167095270839261,0.1492009648731507,-0.07050371701930531
4.91,0.14446005075225324,-0.07577479367630653,0.15236298672730034,-0.06529922785182404
4.92,0.1462064169752683,-0.07036602768760807,0.15546119937851563,-0.05976500653437905
4.93,0.151211766691463,-0.06621939127533505,0.15839294675727372,-0.05392401944938535
4.94,0.15450539118437373,-0.05933666609342429,0.16047735451589493,-0.04786639938701822
4.95,0.15160892278561724,-0.04838270768837822,0.15928976619463828,-0.04188889968733575
4.96,0.14797796576096142,-0.03734390476310166,0.15478643738046277,-0.03600139429742514
4.97,0.14312791154103247,-0.025782873873821555,0.14719385267593973,-0.030179410908438616
4.98,0.1371872691502431,-0.014659429402889732,0.13670944114969932,-0.024399938921570146
4.99,0.12801517788952615,-0.0034833064674507177,0.12350157633642725,-0.018641429448054005
5.0,0.11464250980207442,0.005691383606115182,0.10770957623687004,-0.012883795309166713
5.01,0.09858775699410365,0.012009924658001506,0.08944370331783114,-0.007108411036226184
5.0200000000000005,0.07961009498489281,0.01575688924418594,0.06878516451217054,-0.0012981128705908274
5.03,0.059071853402743534,0.01808761592723858,0.04578611121880993,0.004562801236338529
5.04,0.035987571991778135,0.01981996229964568,0.02149701651647562,0.010325520281866776
5.05,0.0178500136309135,0.0191141057587232,3.2079561285347155e-05,0.015348927311062072
5.0600000000000005,-0.0014758973692224507,0.019989915621707877,-0.01843701964939426,0.01962006536303414
5.07,-0.020878134558304586,0.021547385826470915,-0.032328503756099206,0.022929821394199315
5.08,-0.038331178962681824,0.024371510550723025,-0.04177450200199807,0.02530509588011618
5.09,-0.051152152368952736,0.0266746265775261,-0.04714236320155228,0.026799756021578434
5.1000000000000005,-0.06131928511739109,0.027536482080964306,-0.04876702376973892,0.027456799742638486
5.11,-0.06658357892083087,0.02615748607153604,-0.04695100772205654,0.027308355690610478
5.12,-0.0643504656348437,0.022704089379285853,-0.04196442667451886,0.026375683236067343
5.13,-0.056182996904434054,0.01776217560233994,-0.03404497984365645,0.02466917247284086
5.14,-0.04474879284733175,0.01244596944383098,-0.02365484144190901,0.022198505607506677
5.15,-0.03288226226055265,0.00756022165608721,-0.012020420670938113,0.01899400760413324
5.16,-0.022211002212905968,0.0030819748564988353,0.0007376476898727797,0.015032678962762213
5.17,-0.009439820423872165,-0.0004966591339321462,0.013454491049430922,0.010843537061673344
5.18,0.009930487286496648,-0.0031574652407956325,0.024850168107383497,0.007011760514054069
5.19,0.03111549154187404,-0.006141240759553996,0.03478577121250073,0.0035871446570724655
5.2,0.05009380630804176,-0.008047601643245129,0.04314205847648468,0.0006121946753225331
5.21,0.07035584407748134,-0.009246275012596906,0.0498194537739686,-0.0018778743991751245
5.22,0.08890067700577246,-0.008610303265164569,0.054738046742519426,-0.0038551376869734497
5.23,0.1009652585805622,-0.005184166111013989,0.057837592782635096,-0.005298960461199275
5.24,0.10143409873619978,0.0006076098588445987,0.05907751305774456,-0.006195998147553486
5.25,0.08998044716056973,0.006926821167685417,0.05843689449421058,-0.006540196324309927
5.26,0.07158983734979425,0.01193722747782218,0.055914489781327084,-0.006332790722316713
5.2700000000000005,0.04973902327326877,0.01457867488478362,0.05152871737132052,-0.0055823072249955525
5.28,0.029605627979910912,0.014475554281342454,0.04531766147934836,-0.004304561868341538
5.29,0.012431430521618117,0.012652124100366164,0.037339072083501276,-0.002522660840923714
5.3,-0.001686081569937489,0.00892330951196108,0.02767036492480024,-0.00026700048388448704
5.3100000000000005,-0.010918296327523972,0.0058045716845727255,0.01640862150719992,0.0024247327090590126
5.32,-0.015023093650759529,0.004023207650281602,0.0036705890975862604,0.005507562091617415
5.33,-0.017255338188802222,0.004163229732632094,-0.010407319274221727,0.008929220864926776
5.34,-0.021798561712311027,0.005302231907451164,-0.025669024815474006,0.01263015207754975
5.3500000000000005,-0.03200344738307101,0.007831371052973334,-0.041938782970491,0.0165435086254741
5.36,-0.04364541251756029,0.010448852584076459,-0.05902118342065679,0.020595153252116992
5.37,-0.05969500141574473,0.014493495480929876,-0.07670115008442374,0.024703658548317634
5.38,-0.0820821485384809,0.019796556470191535,-0.09474394111731585,0.028780306952345687
5.39,-0.10713614308010373,0.025680561822069122,-0.11289514891192168,0.032729090749894586
5.4,-0.13333837676920737,0.03194934819226961,-0.13088070009790304,0.036446712074084286
5.41,-0.15446873581157158,0.03676453501247561,-0.14840685554197836,0.03982258290546189
5.42,-0.17203030070501074,0.040991426038503004,-0.16516021034794753,0.04273882507200022
5.43,-0.1841549489660442,0.04445804694529156,-0.18071903202414363,0.04508087821361705
5.44,-0.19074864668346087,0.04603900711999425,-0.19230710669119475,0.04700624134832348
5.45,-0.19474384817795864,0.04712785795361302,-0.1981915462792475,0.04846930709549979
5.46,-0.19264655716437942,0.046907998014415475,-0.1978921027616731,0.0490557798683796
5.47,-0.19071149572171528,0.046864255677428864,-0.1949543953214501,0.04928477519953251
5.48,-0.19015332396860074,0.04763431200974165,-0.19128355086460758,0.049455353048218846
5.49,-0.19087872349000592,0.048941560540753715,-0.18690966784138718,0.049568354465291876
5.5,-0.1900827774668267,0.050263058312917205,-0.1818685011648507,0.04962487833022268
5.51,-0.18588123115343672,0.05058138769759057,-0.17620146221088012,0.04962628135110065
5.5200000000000005,-0.18030252812764858,0.05094634041440123,-0.1699556188181775,0.049574178064633045
5.53,-0.17365334996148984,0.05058897870489129,-0.1631836952882646,0.0494704408361454
5.54,-0.16640518775679636,0.05123007130842596,-0.1559440723854843,0.04931719985958122
5.55,-0.155808117158829,0.051250427072127874,-0.148300787336999,0.04911684315750206
5.5600000000000005,-0.1437649134149904,0.050974350991419254,-0.14032353383279098,0.048872016581087564
5.57,-0.13222393870746177,0.05147622517766085,-0.13208766202566252,0.04858562381013547
5.58,-0.12175014586420231,0.053135745447972525,-0.12367417853123736,0.048260826353061614
5.59,-0.1126853842744496,0.05505685692036337,-0.11516974642795813,0.04790104354689985
5.6000000000000005,-0.10235367882852014,0.05607914405328631,-0.1066666852570878,0.04750995255730215
5.61,-0.091553535595277,0.05519485357221039,-0.09826297102270959,0.04709148837853858
5.62,-0.08181581959341191,0.05320533945199949,-0.0900622361917264,0.04664984383349712
5.63,-0.07426845157297329,0.05100316804340207,-0.08217376969386259,0.04618946957368406
5.64,-0.06969561965767347,0.04906059448573814,-0.0747125169216617,0.04571507407922366
5.65,-0.06610822933122168,0.04765945430300582,-0.06779907973048707,0.04523162365885815
5.66,-0.062491900451007255,0.04571513907306872,-0.06155971643852311,0.04474434244994802
5.67,-0.05986315216470964,0.04391965841405312,-0.05612634182677243,0.04425871241847164
5.68,-0.056514954343985714,0.042715738251402964,-0.051636527139060744,0.04378047335902564
5.69,-0.052070270701209495,0.04225640074643322,-0.04823350008203269,0.043315622894824685
5.7,-0.04613168195276873,0.0415423558153439,-0.046066144825150146,0.042870416477701304
5.71,-0.03980295006515642,0.040022043196143074,-0.0452330516170522,0.042449154225256934
5.72,-0.03423585962229098,0.03835314221709138,-0.044769475556135765,0.04201410925257682
5.73,-0.03062685740590119,0.03758218751752785,-0.044274827239412284,0.041549904386152484
5.74,-0.028917512673892674,0.03742046386149709,-0.04374966573797537,0.04105706428868581
5.75,-0.02971722289063412,0.03744006240436366,-0.043194588038920775,0.040536149205315966
5.76,-0.03087821397327353,0.03736895926870046,-0.042610229045346566,0.03998775496361956
5.7700000000000005,-0.03279886608722225,0.03751150406875189,-0.04199726157635241,0.03941251297361
5.78,-0.03440911890070219,0.03760443890634582,-0.04135639636703997,0.03881109022773783
5.79,-0.03476958976211385,0.037452077427445864,-0.04068838206851332,0.03818418930089113
5.8,-0.03424532558013859,0.03779941800731787,-0.03999400524787818,0.03753254835039482
5.8100000000000005,-0.03188818563061519,0.03609914291280125,-0.03927409038824259,0.03685694111601126
5.82,-0.030312677826374902,0.03444810696242606,-0.03852949988871628,0.03615817691993969
5.83,-0.030328087093749678,0.03368382708126926,-0.03776113406441112,0.035437100666816615
5.84,-0.03245129819488557,0.033610114508006654,-0.03696993114644097,0.03469459284371571
5.8500000000000005,-0.035730048940221616,0.03396571102922867,-0.03615686728192211,0.0339315695201482
5.86,-0.04132250834526856,0.03511768285364218,-0.03532295653397216,0.033148982348061795
5.87,-0.04691107919156612,0.03547759166299872,-0.034469250881711135,0.03234781856184181
5.88,-0.05107647863159011,0.03558903302123599,-0.033596840220261076,0.03152910097831067
5.89,-0.054275371693755715,0.03527144649462033,-0.032706852360745844,0.030693887996727842
5.9,-0.05621562671943299,0.03487158078566916,-0.031800453030291484,0.029843273598790073
5.91,-0.05589356724837631,0.03304039972887782,-0.03087884587202612,0.02897838734863137
5.92,-0.054728023959921795,0.03154767250338905,-0.029943272445079713,0.028100394392822737
5.93,-0.05320235188437082,0.030626159990085205,-0.028995012224583987,0.027210495460372106
5.94,-0.05074559504633864,0.02963763508374196,-0.02803538260167348,0.02630992686272532
5.95,-0.04759618236694719,0.02843232357300031,-0.02706573888348388,0.025399960493764598
5.96,-0.04292008355660967,0.026423880374609698,-0.02608747429315347,0.02448190382980986
5.97,-0.03801952718089897,0.024099764152551818,-0.025102019969822233,0.023557099929617905
5.98,-0.033345265546329834,0.022015603628177505,-0.024110844968632555,0.022626927434383066
5.99,-0.02854796479512089,0.020056143028935054,-0.023115456260728032,0.02169280056773608
6.0,-0.024728187637166006,0.018783223425977793,-0.022117398733255102,0.020756169135745642
6.01,-0.021525070809121173,0.01774117267304949,-0.021118255189361983,0.019818518526917385
6.0200000000000005,-0.01863490340104332,0.01720146666037394,-0.020119646348198808,0.01888136971219403
6.03,-0.015553803007501619,0.0167477555274568,-0.019123230844917485,0.017946279244955236
6.04,-0.013013321399589895,0.016347788810865734,-0.018130705230672402,0.017014839261018263
6.05,-0.010234780826638193,0.01556812014724728,-0.017143803972620074,0.01608867747863765
6.0600000000000005,-0.0070096449423487864,0.013919869840028654,-0.016164299453918035,0.015169457198504172
6.07,-0.003494466033463973,0.012193382924984609,-0.01519400197372696,0.01425887730374682
6.08,0.00032630907019059064,0.010826754050745584,-0.014234759747208996,0.013358672259931263
6.09,0.003399978489674862,0.009245624211698989,-0.013288458905528504,0.012470612115060509
6.1000000000000005,0.006282581300141816,0.007285177419801397,-0.012357023495851523,0.011596502499574427
6.11,0.008500713913025246,0.00548271994902799,-0.011442415481346564,0.010738184626350487
6.12,0.009457203567740963,0.003588147574985101,-0.010546634741183543,0.009897535290702744
6.13,0.008915331100562921,0.0019501471721658234,-0.009671719070535404,0.009076466870383389
6.140000000000001,0.0069550810621827565,0.0010898620949930905,-0.008819744180575849,0.008276927325580588
6.15,0.004516143533588726,0.00024284246905110552,-0.00799282369848143,0.007500900198920472
6.16,0.0023781409733815116,-0.00019981642764360893,0.0,0.0
6.17,0.0010112858070012792,-0.00045232023899832946,0.0,0.0
6.18,0.00042829303736959315,-9.904921006048971e-05,0.0,0.0
6.19,0.00036903884635095983,5.37235732125821e-07,0.0,0.0
6.2,0.0004278303750957067,0.00015103707429024659,0.0,0.0
6.21,0.0004942364306492443,0.0,0.0,0.0
6.22,0.0005719223138750489,0.0,0.0,0.0
6.23,0.00032147819257993685,0.0,0.0,0.0
6.24,-0.0001350036308323512,0.0,0.0,0.0
6.25,-0.00020789197431781808,0.0,0.0,0.0
6.26,-0.00015249745060465884,0.0,0.0,0.0
6.2700000000000005,0.00015223454875016437,0.0,0.0,0.0
6.28,5.7523422826072005e-05,-0.0001283014232488712,0.0,0.0
6.29,0.00012237416646208721,-6.939709693331255e-05,0.0,0.0
6.3,3.137959944484804e-05,0.00022412633814260192,0.0,0.0
6.3100000000000005,-0.00024232794964249848,0.000231523923450639,0.0,0.0
6.32,-0.00036326046478273814,0.00033152954015277944,0.0,0.0
6.33,-0.0011839516693054118,-0.00017129590852989234,0.0,0.0
6.34,-0.0017307927154912208,-0.000806778502370655,0.0,0.0
6.3500000000000005,-0.0023911044986143653,-0.001561781286052308,0.0,0.0
6.36,-0.003260103889658123,-0.002627349100026949,0.0,0.0
6.37,-0.0035407144501876284,-0.003602771301393345,0.0,0.0
6.38,-0.0035630344578102234,-0.004445845294601038,0.0,0.0
6.390000000000001,-0.004010753294032006,-0.0043577106137972785,0.0,0.0
6.4,-0.00549450534556459,-0.0028190926536055963,0.0,0.0
6.41,-0.008397003059004702,0.00045345788537978077,-0.0003747903223615853,0.0006065470934769755
6.42,-0.012418591463871004,0.005197329257892187,-0.0014385954231088587,0.0023281707677983367
6.43,-0.01795523592828921,0.011666057614096812,-0.003103376259421357,0.005022391822330593
6.44,-0.023785917870131068,0.019344160556719538,-0.005284840130726294,0.008552794001148058
6.45,-0.028933036529798454,0.026206435039309164,-0.007902440678698566,0.012789023993032859
6.46,-0.03228347574672296,0.032466000740175166,-0.010879377887260745,0.017606791431474925
6.47,-0.03349609237925524,0.03730281878413447,-0.014142598082583087,0.022887868894672002
6.48,-0.03218825312599846,0.04015706813872694,-0.017622793933083518,0.028520091905529624
6.49,-0.028869480208716866,0.041508275386122284,-0.021254404449427663,0.034397358931661175
6.5,-0.024749928846258713,0.042112486761563324,-0.0249756149845288,0.040419631385387796
6.51,-0.020561392876570047,0.04286593923621208,-0.027402593815025487,0.04575540568907248
6.5200000000000005,-0.016405552814461617,0.04342940784456257,-0.02751597461811387,0.0497799107850308
6.53,-0.013345754367491216,0.04463701879761169,-0.025777676102910388,0.05269639973598207
6.54,-0.010656958521020554,0.0469918475894439,-0.022615250976773013,0.05469298648723026
6.55,-0.0087307980993317,0.049692480643256945,-0.018421885945301076,0.05594264586666386
6.5600000000000005,-0.007171588070200232,0.05305876506016021,-0.013556401712335332,0.05660321358475595
6.57,-0.005863919602146859,0.05499777807570759,-0.008343252979958068,0.056817386234564296
6.58,-0.003898833456290945,0.05710437801268401,-0.003072528448492866,0.05671272129173104
6.59,-0.0008683191770132261,0.058927276472754926,0.002000049183495188,0.056401637114483115
6.6000000000000005,0.0027999152871150037,0.06016045293212425,0.006653123219199489,0.05598141294363204
6.61,0.006798360150097171,0.0618177375650478,0.010701667437654808,0.056151087631702776
6.62,0.010848776046195777,0.06281809829227074,0.013994569042075336,0.05745243914406691
6.63,0.014269925620881809,0.06415744927620647,0.016412920675334713,0.0597336305854265
6.640000000000001,0.017592368823257577,0.06652314852592017,0.017872221249762073,0.06284033110406065
6.65,0.01996042553976583,0.06961521157522577,0.01832237594714185,0.06661571589182588
6.66,0.020602981510950618,0.0743520180653342,0.017747696218714082,0.07090046618415577
6.67,0.02028379731268547,0.07756866004545732,0.01616689978517404,0.07553276926006125
6.68,0.018226240110691728,0.07986300094666667,0.01363311063667285,0.08034831844212993
6.69,0.014718970629239266,0.08274884951768592,0.010233859032816657,0.08518031309652709
6.7,0.009349599668933844,0.08604577984964319,0.006091081502667376,0.08985945863299503
6.71,0.0020934439249026124,0.08901421991736047,0.0013611208447422887,0.09421396650485295
6.72,-0.0068570548376865725,0.09143359688894125,-0.003765273872985669,0.09806955420899738
6.73,-0.016016535893696074,0.09265884771695324,-0.009062947313088874,0.1012494452859026
6.74,-0.024178638030263554,0.09460096615066177,-0.014272337868683201,0.10357436931961914
6.75,-0.03057083662674892,0.09640738341631531,-0.019099477663429308,0.10486256193777463
6.76,-0.03416215623191133,0.10229449952616072,-0.02321599255153305,0.10492976481157493
6.7700000000000005,-0.03456966948094786,0.10069460852941337,-0.026259102117744168,0.10358922565580211
6.78,-0.031607778667761176,0.09908727963027743,-0.02783161967735738,0.10065169822881594
6.79,-0.02609760199716883,0.09805891672293979,-0.027501952276211293,0.09592544233255312
6.8,-0.01982442962066728,0.0964138979783608,-0.02482019687899457,0.08922517819183089
6.8100000000000005,-0.012988792553371499,0.09469005651344223,-0.021104835746786534,0.08136603283517718
6.82,-0.007613512418696911,0.08935899157717939,-0.017480920712250398,0.07307217350596487
6.83,-0.0032907893560369227,0.07813042144823205,-0.014010109734131396,0.06449284322786263
6.84,-0.0021404933188973476,0.06631766030816336,-0.010757766845724277,0.05579599313023748
6.8500000000000005,-0.002082155301120269,0.05203734566833984,-0.007792962154874792,0.04716828244815721
6.86,-0.003126690004134575,0.03760680949124109,-0.005188471843980626,0.03881507852239117
6.87,-0.00324624240702851,0.02209815402563677,-0.003020778169988153,0.03096045679940712
6.88,-0.0031063882978382877,0.009304188557155972,-0.001370069464396147,0.023847200831374607
6.890000000000001,-0.002149133754136827,0.0011284123146566266,-0.00032024013325346356,0.01773680227616257
6.9,0.00011865657537805615,0.0013189077525452193,0.0,0.0
6.91,0.0036718010238312028,-0.0015729448143799597,0.0,0.0
6.92,0.008020374345040677,-0.002889083170350278,0.0,0.0
6.93,0.01211986545626469,-0.004101002419254974,-0.0003245636547097996,-0.001651178454502561
6.94,0.01655509946011395,-0.008592499412437143,-0.0011873662656592954,-0.0060405826931323285
6.95,0.0200724089698675,-0.016402894512678217,-0.0024332114702995014,-0.012378669936408406
6.96,0.022439703367127313,-0.026804059304476505,-0.003921751129042592,-0.0199514359486312
6.97,0.021939522595620084,-0.03753853173408979,-0.005527485325261895,-0.028120415037882405
6.98,0.018348484150240332,-0.04708655602568844,-0.0071397623652919,-0.03632268005602502
6.99,0.012281473774797243,-0.05548607466113384,-0.008662778778428255,-0.04407084239870334
7.0,0.0035012058755403376,-0.06076312328208029,-0.010015579316927764,-0.050953052005342975
7.01,-0.005490837502441463,-0.0635876464739641,-0.01113205695600839,-0.05663299735915081
7.0200000000000005,-0.01336026879810115,-0.06291802556826534,-0.011960952893849248,-0.06084990548711501
7.03,-0.019459939478446972,-0.06065539079163131,-0.012219166349776288,-0.06430137533170487
7.04,-0.022457418458526182,-0.058932985198229794,-0.011676761890848973,-0.0676234183960233
7.05,-0.02210588854386183,-0.05927942044099312,-0.010382793872660041,-0.07058229793718783
7.0600000000000005,-0.019303208389734025,-0.06235436085347492,-0.008398888608925391,-0.07302796185410584
7.07,-0.015225293234880031,-0.06528060078098345,-0.005799244371484112,-0.07489404268747475
7.08,-0.010785101515599914,-0.06954318362076803,-0.00267063139029853,-0.07619785761978237
7.09,-0.006607048144986036,-0.07568608321837374,0.0008876081465459505,-0.07704040847530588
7.1000000000000005,-0.0020418323956609375,-0.08206801316207454,0.004763560092840486,-0.07760638172011367
7.11,0.0029320706285904533,-0.08972680986805937,0.008832738344253391,-0.0781641484620627
7.12,0.006351052461378952,-0.08716267691235027,0.012958084838329451,-0.07906576445080143
7.13,0.009252547026875363,-0.08543040982569294,0.016715586918795704,-0.07981618810737513
7.140000000000001,0.01234631277106036,-0.08560506955235606,0.019721791151435013,-0.08018429818792877
7.15,0.01506962943180477,-0.08625987262708586,0.021878654561841997,-0.08103349706497434
7.16,0.01755352864353527,-0.08771837016557377,0.023074866828332173,-0.0832808774182763
7.17,0.019340607037474585,-0.08664956661537906,0.023633720011027773,-0.08561873899632702
7.18,0.02073157086463885,-0.08561085047409137,0.023861581029083385,-0.08681168043917231
7.19,0.023062817772747254,-0.08515652970608543,0.023795462422255678,-0.08698080258871346
7.2,0.025626019269979428,-0.08587896890174117,0.023470698584673447,-0.08624193792823567
7.21,0.02855682583294281,-0.08489444374497125,0.022920945764837372,-0.08470565058240731
7.22,0.030508711075921728,-0.0811612624710961,0.022178182065620236,-0.08247723631728049
7.23,0.03156087293010098,-0.07665526720439568,0.02127270744426674,-0.0796567225402907
7.24,0.03169870631534649,-0.07244882190704287,0.02023314371239362,-0.07633886830025699
7.25,0.031700280156493975,-0.07137524664551277,0.019086434535989658,-0.07261316428738204
7.26,0.031080686673255975,-0.07021184307195473,0.017857845435415562,-0.06856383283325192
7.2700000000000005,0.027619904725704775,-0.06323690727804984,0.016570963785404066,-0.06426982791083614
7.28,0.023850599181201103,-0.05802405042273766,0.01524769881506002,-0.05980483513448824
7.29,0.019715759964151106,-0.05366900402597137,0.01390828160786008,-0.055237271759944556
7.3,0.015604432604897515,-0.050314776060772996,0.012571265101652986,-0.05063028668432523
7.3100000000000005,0.011673198172341265,-0.046454015133167915,0.011253524088659556,-0.04604176044613416
7.32,0.007418454025655321,-0.04139967019245815,0.009970255215472568,-0.04152430522525871
7.33,0.0036670674964006606,-0.036059443030603704,0.008734976983056648,-0.03712526484296913
7.34,0.0005621031757926567,-0.03197838051931791,0.007559529746748644,-0.03288671476192
7.3500000000000005,-0.001526265293517869,-0.028660574764584085,0.006454075716257373,-0.02884546208614927
7.36,-0.002920114736815127,-0.02628916901628627,0.005427098955663564,-0.025033045561078132
7.37,-0.0042498933087007475,-0.023634637778127653,0.004485405383420012,-0.02147573557351154
7.38,-0.004453534798493066,-0.020600136010301178,0.0036341227723512837,-0.018194534151637062
7.390000000000001,-0.004547254118058546,-0.017474774679540672,0.0028767007496544976,-0.015205174965027865
7.4,-0.004256647996408099,-0.014110205256738817,0.0022149107968981938,-0.012518123324638461
7.41,-0.00365916281174129,-0.011093525580361542,0.001648846250023199,-0.010138576182807932
7.42,-0.002800016765972442,-0.007555751288769704,0.0011769222993424228,-0.008066462133259164
7.43,-0.0016998793354684348,-0.0044672614422294945,0.000795875989540288,-0.006296441411096879
7.44,-0.001332856626828982,-0.0026048831408418713,0.0,0.0
7.45,-0.0009430746118114657,-0.0017972150950687433,0.0,0.0
7.46,-0.0006161471762224361,-0.0023692253280179283,0.0,0.0
7.47,-0.0005722681047628276,-0.002324165802175175,0.0,0.0
7.48,-0.0006145775529386915,-0.0024350868234303664,0.0,0.0
7.49,-0.0005625575959732242,-0.002638067798115735,0.0,0.0
7.5,-0.0004554653160231721,-0.0025334411824006224,0.0,0.0
7.51,-0.0006699440956365442,-0.0022715288155468792,0.0,0.0
7.5200000000000005,-0.0003752308769938269,-0.0015965838669922613,0.0,0.0
7.53,-0.00016813454231453745,-0.0012696311476113106,0.0,0.0
7.54,7.837518506114544e-05,-0.0003051378829736425,0.0,0.0
7.55,0.00037229074784766075,-0.00019011059079178724,0.0,0.0
7.5600000000000005,0.0006823775547708169,-0.0001369086376243904,0.0,0.0
7.57,0.001581879303977524,-0.00023963957536685674,0.0,0.0
7.58,0.002421626472997596,-0.00024064464031392665,0.0,0.0
7.59,0.0030247097181828474,-0.0005227781395422912,0.0,0.0
7.6000000000000005,0.0034090992793411826,-0.0009145788652704135,0.0,0.0
7.61,0.0034650281099377856,-0.001461841078852313,0.0,0.0
7.62,0.0037132189269368982,-0.0023469480974448753,0.0,0.0
7.63,0.003367439065435865,-0.0031105890450003437,0.0,0.0
7.640000000000001,0.003674547242961058,-0.004433326325067636,0.0,0.0
7.65,0.004987870716296798,-0.006671857404112789,0.0,0.0
7.66,0.006801547225829364,-0.008788050321642213,0.0,0.0
7.67,0.008029084376547077,-0.01016866697594584,0.0,0.0
7.68,0.00824242122159082,-0.009962018367909057,0.0,0.0
7.69,0.007216702437838724,-0.008046167669610516,0.0,0.0
7.7,0.005345397523060655,-0.00554882738611893,0.0,0.0
7.71,0.003024722032261548,-0.003000188348886514,0.0,0.0
7.72,0.000870983927113894,-0.0007053188066474617,0.0,0.0
7.73,-0.0008471593658151435,0.0004362676399366742,0.0,0.0
7.74,-0.0017207202837530467,0.001029392331004113,0.0,0.0
7.75,-0.001579032397200096,0.0007315418507463139,0.0,0.0
7.76,-0.0002299431088179665,-0.000270346394191899,0.0,0.0
7.7700000000000005,8.211727375036557e-05,-0.0005556007673340686,0.0,0.0
7.78,0.00019802049248397795,-0.0004125504371083517,0.0,0.0
7.79,-0.0002662422967984886,3.642089915765733e-05,0.0,0.0
7.8,-0.0012299949104633487,0.0005942641896970017,0.0,0.0
7.8100000000000005,-0.0026648866639548637,0.0013756830003096867,0.0,0.0
7.82,-0.004291853867008634,0.002069759751148102,0.0,0.0
7.83,-0.00555367376395697,0.0031533118226567316,0.0,0.0
7.84,-0.006032374783079328,0.004232148597446393,0.00018184709870715376,0.0002728856480386032
7.8500000000000005,-0.005674606593878328,0.005901903847972358,0.000749763645764321,0.0011251196186509939
7.86,-0.003888847852559912,0.00730102200049768,0.0016703500319591312,0.00250658137612914
7.87,-0.0004767867410152075,0.008990474885558673,0.002910535651287932,0.004367644097639487
7.88,0.003922848470443761,0.010734072755398193,0.00443825181364109,0.006660184467800417
7.890000000000001,0.008537875334973391,0.013066541421158805,0.006222431744802982,0.009337582678682238
7.9,0.012999852594007334,0.015603933433647892,0.008233010586452011,0.012354722429807204
7.91,0.016489262318591595,0.01846810144235942,0.01044092539616059,0.0156679909281495
7.92,0.019070011934103445,0.021010692578570054,0.01281811514739515,0.019235278888135244
7.930000000000001,0.021042862337771064,0.024271882870030737,0.015337520729516137,0.02301598053164249
7.94,0.021630466112216196,0.02681803745427659,0.017630649325204303,0.026738048435991077
7.95,0.022314103291872184,0.02979960397502874,0.019292237679937686,0.030105243676573305
7.96,0.022261804972460823,0.0322412994390118,0.02036774765003617,0.033128759399454255
7.97,0.022058156930619546,0.034092148214308525,0.020902603524011444,0.035820585139285196
7.98,0.02171489745359593,0.03578903474660817,0.020940921052385833,0.03819264222951638
7.99,0.020490881812885244,0.037145311321543,0.020525507447692243,0.04025678380239702
8.0,0.018892424074875788,0.03880378788797301,0.019697861384474165,0.04202479478897529
8.01,0.01735488363731526,0.04135364139152823,0.01849817299928567,0.04350839191909828
8.02,0.016351149066103642,0.044610399228744366,0.01696532389069143,0.04471922372141206
8.03,0.016323884839076076,0.048888721924352355,0.015136887119266727,0.04566887052336171
8.040000000000001,0.016530341658337496,0.05234554080795154,0.013944344739898628,0.047508390140790335
8.05,0.017614583506805746,0.056194261857692045,0.014194607345977283,0.05123186760581993
8.06,0.018820052408421606,0.06079796066999587,0.015419561483966636,0.05621197413714533
8.07,0.019775853574247826,0.0651875800660499,0.0171972761502173,0.0618817652663994
8.08,0.01995956224336308,0.0698422379709173,0.01915552562206271,0.06773916514151612
8.09,0.019740828686224492,0.07239387709465968,0.02097178945781905,0.07334696652673055
8.1,0.020275559517402196,0.07591375342239594,0.02237325249678532,0.07833283080257884
8.11,0.021370976580366793,0.08068079120728663,0.02313680485924314,0.08238928796589808
8.120000000000001,0.02273826879347604,0.08449174541941404,0.023089041946457063,0.08527373662982653
8.13,0.028057991624593402,0.09419137990929297,0.022106264440674164,0.08680844402380333
8.14,0.02619010342326931,0.08761082019358887,0.02372102159637634,0.08909701227350382
8.15,0.029419413908143174,0.08890079538587858,0.030293656192366722,0.09355696419459864
8.16,0.03570360612025674,0.09394940334221248,0.03888347610910707,0.09838229725774751
8.17,0.042964759543237585,0.1001738818743182,0.047076801521718954,0.1021252151908477
8.18,0.05013272704781125,0.10546372852467445,0.053001848530704346,0.10370527498295204
8.19,0.05468571266519334,0.10654772024959434,0.05532872916194584,0.10240938688426895
8.2,0.05533958823734584,0.10121626795296602,0.053269451366707216,0.0978918144061634
8.21,0.04988532923609233,0.09235750937734002,0.04657791902163211,0.0901741743211549
8.22,0.03929670032658503,0.08011305305557925,0.03554993192874517,0.07964543666291929
8.23,0.023234462245950348,0.06348443898003928,0.02102318581545169,0.06706192472628816
8.24,0.004650955056163537,0.0475039181088526,0.0044837409539473004,0.05324636776612631
8.25,-0.016046542236811304,0.03472554134219154,-0.0120257346608532,0.03934726350353118
8.26,-0.033762056759385504,0.028807368444167914,-0.026127162119235672,0.027184497430350323
8.27,-0.04317291599181042,0.03229510486497532,-0.03652225630003513,0.01688079157838109
8.28,-0.05409353674170089,0.021457370542410627,-0.04087794065739402,0.009551805666449567
8.290000000000001,-0.0535522440171981,0.017152521080933902,-0.04042907593935089,0.004501821351374792
8.3,-0.04790728855962356,0.010594930461866481,-0.03959622132353113,-0.0009235125790277195
8.31,-0.039030704978687616,0.00023687629051562698,-0.038408354690353565,-0.006680426175346782
8.32,-0.029672109400942816,-0.012545854241381427,-0.036880654080205515,-0.01271747294269365
8.33,-0.02147672648750947,-0.024099257147618146,-0.03502915844243644,-0.018984539868633906
8.34,-0.016169347497425705,-0.03423003197135821,-0.03343724387811038,-0.02497787677249857
8.35,-0.01658059641144932,-0.04426201138085704,-0.03268828159783572,-0.030195762330906765
8.36,-0.02154588557474244,-0.052046464692960426,-0.03259201864873883,-0.03475984357528804
8.370000000000001,-0.0286012354637052,-0.05721500749659126,-0.03297001727073306,-0.038784302984826255
8.38,-0.03369568099790248,-0.05931834883028814,-0.03365781358291024,-0.04237412471745193
8.39,-0.03739834264655537,-0.058047752594276796,-0.03450491758354082,-0.045625094609842334
8.4,-0.04017069466288609,-0.05495536150701088,-0.03537481315007436,-0.048623800177422793
8.41,-0.04255045166815526,-0.05241588212270789,-0.03614495803913864,-0.05144763061436475
8.42,-0.044309642929491834,-0.05115455602220051,-0.036706783886541125,-0.054164776793587735
8.43,-0.044846529908909485,-0.049821702497948483,-0.03696569620726636,-0.05683423126675702
8.44,-0.04233185061764475,-0.045178151594254395,-0.03703233160151104,-0.059036118873625844
8.45,-0.040979978628002296,-0.04601883622704918,-0.03704846247913987,-0.06029922166345206
8.46,-0.040572087164789626,-0.05044689040092891,-0.03691665611285454,-0.060764853843325244
8.47,-0.040630611327864136,-0.05771083340067032,-0.036554464502102584,-0.06056264896563232
8.48,-0.0371701371714725,-0.060011770531043916,-0.03589513768639926,-0.05980880824798901
8.49,-0.03413949862525482,-0.06236973423767118,-0.034887623745332566,-0.058606100573243586
8.5,-0.03090092653590561,-0.06252116264062711,-0.03349656879856058,-0.05704386248947525
8.51,-0.028079339613937767,-0.06113689247545145,-0.03170231700581135,-0.05519799820999216
8.52,-0.02582118632695786,-0.0587505699017449,-0.029500910566884628,-0.053130979613334905
8.53,-0.02293320627308735,-0.05426787257916764,-0.026904089721648455,-0.050891846243272566
8.540000000000001,-0.020238718110274303,-0.04957081160189783,-0.023939660664798496,-0.048516757413607656
8.55,-0.018067698612922747,-0.04640414046267649,-0.020884191713190198,-0.04637818361607001
8.56,-0.016097010767338153,-0.04500143982647751,-0.018020071618237585,-0.044820340352762944
8.57,-0.014926636382035159,-0.046627176019163524,-0.015458896286670673,-0.043894156527181705
8.58,-0.010844745665055182,-0.043943568576058925,-0.013080744198176234,-0.04346977993436059
8.59,-0.007502235076858571,-0.04249838183785489,-0.010446082783239902,-0.043176650720374174
8.6,-0.0046543460126057265,-0.04111242355842378,-0.007620797256521743,-0.042964735244511096
8.61,-0.002161822072343907,-0.04007283277672919,-0.004703890035644951,-0.04278323903017195
8.620000000000001,-0.000686448495716513,-0.04001810552654045,-0.0018087530403146715,-0.04256786706478609
8.63,0.0005204489007216334,-0.03944545482327058,0.0009368323076840365,-0.04224082379981349
8.64,0.001096508969786273,-0.03791198301298112,0.003390695084483142,-0.04171081315074224
8.65,0.0017377419882456703,-0.03826720937675656,0.005396274864135728,-0.04087303849709202
8.66,0.0020920769438608298,-0.039681073497096646,0.0067826217186119225,-0.03960920268241057
8.67,0.0026480117079038263,-0.041732244889212046,0.0073643962178011405,-0.03778750801427576
8.68,0.0038792578414491912,-0.04259043224428898,0.006941869429512262,-0.0352626562642952
8.69,0.004807819640546752,-0.04205535660836279,0.005834736321137762,-0.03230458585489368
8.700000000000001,0.005222943582346792,-0.0393729414751839,0.004819631709777651,-0.029548287214866867
8.71,0.005252379483485435,-0.0350350201031167,0.003912919253611966,-0.027016188463334437
8.72,0.004947837611680436,-0.029577818876459907,0.003118345624464801,-0.02471864079589696
8.73,0.004108449767311866,-0.023365749438580538,0.0024383809622971417,-0.022663026675890485
8.74,0.003285152675906706,-0.01820759287947927,0.0018742188752065223,-0.020853759834386087
8.75,0.002104354302424523,-0.01420052737719519,0.0014257764394270192,-0.019292285270189502
8.76,0.0008943107320332968,-0.012217246479248744,0.001091694199329335,-0.0179770792498415
8.77,0.00018729816186022503,-0.012925041636960679,0.000869336167420437,-0.016903649307616953
8.78,-0.0004992084713200334,-0.011189533181602264,0.0007547898243444734,-0.01606453424552713
8.790000000000001,-0.0009802049465326506,-0.010133540895879938,0.0007428661188815591,-0.015449304133316674
8.8,-0.0009276226546981988,-0.008942420314757093,0.0008270994679489482,-0.015044560308466487
8.81,-0.0009041192309449628,-0.008108569077875178,0.0009997477565998059,-0.01483393537619064
8.82,-0.0002753640120759163,-0.007969976420351983,0.001251792338024478,-0.014798093209439742
8.83,0.0007914492414184894,-0.00870322325171326,0.0015729380335496625,-0.0149147289488986
8.84,0.0015875279302393346,-0.01019995822262639,0.0019516131326385265,-0.015158569002986663
8.85,0.002654455064464211,-0.012104398154793826,0.002374969392891269,-0.015501371047859445
8.86,0.003186770970895411,-0.013649562290731863,0.0028288820400437995,-0.0159119240274051
8.870000000000001,0.0030172444728733625,-0.015218984201443526,0.003297949767969592,-0.016356048153249182
8.88,0.002749854648525188,-0.01727069306637762,0.003765494738677589,-0.01679659490474926
8.89,0.002842718169812076,-0.019526145149030148,0.0042135625823149,-0.017193447029002072
8.9,0.00365783602431169,-0.022330551277602823,0.004622922397163243,-0.017503518540833752
8.91,0.005640880246759478,-0.025201234681768655,0.004973066749642947,-0.017680754722811144
8.92,0.008242858928531724,-0.027246256562921522,0.005242211674309073,-0.017676132125230545
8.93,0.010154926136814386,-0.027599572522709205,0.005407296673854364,-0.0174376585661266
8.94,0.01194782969532799,-0.0260914872324138,0.005443984719108151,-0.016910373131268523
8.950000000000001,0.012960374525533183,-0.02267862151775232,0.005326662249035763,-0.016036346174158934
8.96,0.012936550369957028,-0.01782528848245823,0.005028439170739685,-0.01475467931603689
8.97,0.011704403723230554,-0.012663599694658212,0.0045211488594586,-0.013001505445875442
8.98,0.009552159941440949,-0.0077625798068578725,0.003775348158567663,-0.01070998872038204
8.99,0.007430335416369176,-0.004329033733691737,0.0027816986742898904,-0.007862830505432815
9.0,0.0054088219580974975,-0.002165268474634351,0.0018428286943010463,-0.005208993270105413
9.01,0.003998332855454913,-0.0010688653567510957,0.0010785582767110793,-0.003048684244053077
9.02,0.00323928448731451,-0.0002807976308995745,0.0,0.0
9.03,0.0024783385206510722,0.0005969129343918237,0.0,0.0
9.040000000000001,0.0022681045573887393,0.001148033381479166,0.0,0.0
9.05,0.0025478983902019357,0.0021208341236362144,0.0,0.0
9.06,0.00344006438471791,0.002854479310487682,0.0,0.0
9.07,0.004270714842283389,0.003504641945991359,0.0,0.0
9.08,0.004896454275371799,0.0037520343936222876,0.0,0.0
9.09,0.004675132466394097,0.003612443505738385,0.0,0.0
9.1,0.004285641508735925,0.0033320145641925264,0.0,0.0
9.11,0.003981759271455555,0.002348758078932228,0.0,0.0
9.120000000000001,0.0035576210180200307,0.0018173684240385757,0.0,0.0
9.13,0.0032515296962505828,0.0011569543561096155,0.0,0.0
9.14,0.002899714090934993,0.0003630770484431661,0.0,0.0
9.15,0.002534965804615033,-0.0005488729622105419,0.0,0.0
9.16,0.0022490323578250137,-0.002013666048191304,0.0,0.0
9.17,0.0020060972802303802,-0.002797068288414608,0.0,0.0
9.18,0.0014106826562438558,-0.0037764015904797944,0.0,0.0
9.19,0.0006022776618105467,-0.004681719045567281,0.0,0.0
9.200000000000001,-2.6805554624114022e-05,-0.005577792435355267,0.0,0.0
9.21,-0.00022822313076942892,-0.005738428919212724,0.0,0.0
9.22,-6.114382810089471e-05,-0.0055154857362969874,0.0,0.0
9.23,0.0006738731733735841,-0.0053792562518779905,0.0,0.0
9.24,0.0021770181047237936,-0.004639243991406126,0.0,0.0
9.25,0.0037525637721893563,-0.004359332344934543,0.0,0.0
9.26,0.004903107344206788,-0.0038528095274124406,0.0,0.0
9.27,0.005381955216864192,-0.0032519890027093725,0.0,0.0
9.28,0.005147662798159798,-0.0026655803354475468,0.0,0.0
9.290000000000001,0.004211610585382974,-0.0021374075546761098,0.0,0.0
9.3,0.0027715989807247,-0.001591324077668823,0.0,0.0
9.31,0.0010684084318158152,-0.0010142513976537332,0.0,0.0
9.32,-0.00041154210171683204,-0.0004593105299709893,0.0,0.0
9.33,-0.0010359337894605945,-3.105620179103189e-05,0.0,0.0
9.34,-7.4159971059416e-05,9.77956237157726e-05,0.0,0.0
