time,pos_x,pos_y
0,0.000666756,3.17E-05
0.004079,0.000666756,3.17E-05
0.008157,0.000666756,3.17E-05
0.012259,0.000666756,3.17E-05
0.016415,0.000666756,6.35E-05
0.020427,0.000666756,6.35E-05
0.024479,0.000666756,6.35E-05
0.028557,0.000666756,6.35E-05
0.032637,0.000666756,6.35E-05
0.036716,0.000666756,6.35E-05
0.040794,0.000666756,6.35E-05
0.044874,0.000666756,6.35E-05
0.048952,0.000666756,6.35E-05
0.053032,0.000666756,6.35E-05
0.057111,0.000666756,6.35E-05
0.06119,0.000666756,6.35E-05
0.06527,0.000666756,6.35E-05
0.069348,0.000666756,6.35E-05
0.073581,0.000666756,6.35E-05
0.077577,0.000666756,3.17E-05
0.081658,0.00063501,3.17E-05
0.085842,0.00063501,-1.20E-08
0.0898,0.00057151,-6.35E-05
0.093886,0.000539764,-6.35E-05
0.097967,0.000508018,-6.35E-05
0.102045,0.000476273,-9.53E-05
0.106125,0.000444527,-9.53E-05
0.110213,0.000444527,-0.000127012
0.114288,0.000381035,-0.000127012
0.11837,0.000349281,-0.000127012
0.122447,0.000285774,-0.000127012
0.126528,0.000254036,-0.000127012
0.130612,0.000190529,-9.53E-05
0.134687,0.000127029,-6.35E-05
0.138767,6.35E-05,-3.18E-05
0.142848,-3.17E-05,3.17E-05
0.146928,-0.000126968,9.52E-05
0.151007,-0.000253967,0.000158738
0.155085,-0.000349213,0.000253988
0.159306,-0.000507957,0.000349238
0.163249,-0.000698471,0.000476238
0.16733,-0.000888962,0.000603238
0.17141,-0.001111198,0.000730238
0.175487,-0.001301712,0.000857238
0.17957,-0.001555717,0.001015988
0.183647,-0.001841461,0.001174738
0.187728,-0.002095467,0.001333488
0.191808,-0.002349457,0.001492238
0.195887,-0.002635208,0.001714488
0.199967,-0.002889214,0.001873238
0.204046,-0.003143211,0.002031988
0.208127,-0.003460709,0.002254238
0.212253,-0.003746452,0.002444738
0.216285,-0.004127472,0.002698738
0.220366,-0.004413216,0.002857488
0.224446,-0.004698967,0.003047988
0.228525,-0.005048203,0.003270238
0.232605,-0.005333954,0.003460738
0.236689,-0.005683189,0.003651238
0.240767,-0.006032455,0.003873488
0.244854,-0.006318199,0.004063988
0.248933,-0.006635704,0.004254488
0.253014,-0.007016701,0.004476738
0.257099,-0.007302437,0.004667238
0.261322,-0.007619949,0.004857738
0.265417,-0.0080327,0.005079988
0.269425,-0.008350197,0.005270489
0.273455,-0.008699448,0.005492738
0.277531,-0.008985199,0.005651487
0.281677,-0.009302704,0.005810237
0.285666,-0.009651947,0.005968987
0.289743,-0.009937691,0.006127737
0.293838,-0.010223442,0.006254737
0.297915,-0.010572678,0.006413487
0.301991,-0.010826683,0.006540488
0.306071,-0.011112434,0.006667487
0.310306,-0.011429939,0.006794487
0.314234,-0.01200145,0.007016737
0.318312,-0.012318939,0.007143738
0.32239,-0.012572945,0.007238989
0.32647,-0.01282695,0.007334238
0.330547,-0.01314444,0.007429491
0.334628,-0.013398438,0.00749299
0.338708,-0.01371595,0.007556489
0.342785,-0.014001694,0.007619989
0.346869,-0.014287445,0.00768349
0.350945,-0.01460495,0.00771524
0.355026,-0.014954193,0.00777874
0.359106,-0.015239937,0.007810491
0.363292,-0.015557434,0.007873991
0.367268,-0.016001945,0.00790574
0.371349,-0.016319435,0.007969242
0.375425,-0.016700447,0.008000991
0.379506,-0.017017952,0.008064492
0.383583,-0.017398949,0.008096241
0.387665,-0.017811699,0.008127993
0.391744,-0.018129196,0.008159741
0.395826,-0.018510208,0.008223242
0.399907,-0.018922943,0.008254993
0.403984,-0.019240448,0.008286742
0.408065,-0.019621452,0.008350243
0.412268,-0.020034203,0.008381994
0.416228,-0.020351707,0.008413744
0.420308,-0.020764442,0.008477243
0.424384,-0.021081955,0.008508993
0.428466,-0.021431206,0.008540744
0.432545,-0.021780449,0.008572495
0.436623,-0.022097939,0.008604244
0.440704,-0.022415451,0.008635994
0.444782,-0.022764709,0.008667744
0.448865,-0.023050453,0.008699494
0.452951,-0.023399696,0.008731245
0.457027,-0.023748932,0.008762996
0.461448,-0.024066444,0.008794745
0.463354,-0.024066444,0.008794745
0.465365,-0.024542686,0.008858245
0.469272,-0.024860191,0.008921744
0.473425,-0.025241196,0.008953497
0.477504,-0.025653938,0.009016997
0.481571,-0.026034946,0.009112247
0.485599,-0.026447697,0.009175747
0.489729,-0.026923939,0.009270996
0.493768,-0.027304951,0.009334496
0.497894,-0.027812946,0.009429747
0.50193,-0.028289192,0.009524998
0.506054,-0.028701942,0.009620249
0.510088,-0.029146454,0.009715499
0.514237,-0.029654449,0.009810749
0.518249,-0.030130695,0.009906001
0.522366,-0.030606934,0.01000125
0.52641,-0.030924442,0.010096499
0.530523,-0.031273701,0.010191751
0.53457,-0.03162294,0.010318749
0.538683,-0.031908691,0.010414001
0.542729,-0.032162689,0.010509252
0.546841,-0.032384945,0.010604501
0.550889,-0.032543678,0.010668002
0.554999,-0.032670692,0.010763251
0.559049,-0.03276593,0.010826753
0.56323,-0.03279768,0.010858503
0.567232,-0.032829441,0.010890252
0.571321,-0.032829441,0.010922003
0.575389,-0.032829441,0.010922003
0.579492,-0.03276593,0.010922003
0.583548,-0.032734184,0.010922003
0.58765,-0.032638943,0.010922003
0.591706,-0.032575439,0.010922003
0.595771,-0.032480186,0.010922003
0.599846,-0.032353199,0.010922003
0.603911,-0.032162689,0.010858503
0.607983,-0.03203569,0.010826752
0.612054,-0.031813442,0.010763251
0.616179,-0.031591198,0.010668002
0.620271,-0.031368938,0.010604502
0.624281,-0.031051445,0.010445751
0.628359,-0.030829193,0.010350502
0.632434,-0.0305117,0.010223501
0.636512,-0.030225948,0.010064753
0.640592,-0.029908455,0.009937751
0.644685,-0.029590946,0.009779002
0.648764,-0.029241695,0.009556752
0.652846,-0.028924194,0.009398002
0.656977,-0.028543194,0.009175752
0.661083,-0.028162197,0.008953503
0.665084,-0.027812946,0.008731253
0.669492,-0.027400192,0.008477252
0.673459,-0.026892185,0.008128002
0.677341,-0.025939697,0.007556502
0.681421,-0.025495193,0.007239003
0.685501,-0.02505069,0.006953253
0.689583,-0.024574448,0.006667503
0.693661,-0.024034698,0.006318253
0.697736,-0.023590202,0.006032503
0.701816,-0.023050453,0.005683252
0.705893,-0.022478943,0.005365753
0.709973,-0.022002701,0.005048253
0.714053,-0.02143119,0.004699002
0.718257,-0.020827934,0.004349752
0.722219,-0.020319931,0.004064002
0.726302,-0.019684944,0.003714752
0.730375,-0.019145195,0.003429002
0.734456,-0.018541946,0.003079752
0.738534,-0.017875191,0.002730502
0.742613,-0.017271942,0.002413001
0.746695,-0.016668694,0.002095501
0.750773,-0.0159702,0.001714502
0.754942,-0.01543045,0.001428752
0.758938,-0.014795433,0.001143002
0.763019,-0.0141287,0.000793752
0.767099,-0.013525436,0.000508002
0.771281,-0.01292218,0.000222252
0.775268,-0.012160179,-0.000126999
0.779344,-0.011588684,-0.000412749
0.783425,-0.010953682,-0.000698499
0.787504,-0.010445679,-0.000952499
0.791581,-0.009874176,-0.001238248
0.795662,-0.009270927,-0.001523998
0.79974,-0.008794678,-0.001714499
0.803831,-0.008286674,-0.001968499
0.80791,-0.007746925,-0.002190749
0.811988,-0.007302429,-0.002381249
0.816068,-0.006826187,-0.002603499
0.820323,-0.006318184,-0.002793998
0.824233,-0.005429184,-0.003143249
0.828313,-0.004952942,-0.003333749
0.832487,-0.004603683,-0.003428999
0.83661,-0.004159187,-0.003555999
0.840592,-0.003778168,-0.003682999
0.844665,-0.003397186,-0.003746498
0.848743,-0.003047928,-0.003841748
0.852835,-0.002635178,-0.003905248
0.85702,-0.002349442,-0.003968748
0.860995,-0.001968437,-0.004032248
0.865071,-0.001619179,-0.004063998
0.869477,-0.001333427,-0.004127498
0.873242,-0.0009207,-0.004159248
0.877322,-0.000666695,-0.004190999
0.881404,-0.00034919,-0.004190999
0.885476,-6.34E-05,-0.004222749
0.889557,0.000190559,-0.004222748
0.893632,0.000444565,-0.004222749
0.897711,0.000698563,-0.004222749
0.901793,0.000920807,-0.004222749
0.905872,0.001111313,-0.004222748
0.909951,0.001333565,-0.004222749
0.914032,0.001492302,-0.004190999
0.918109,0.001682816,-0.004159248
0.922278,0.001841537,-0.004127497
0.926273,0.002032051,-0.004063997
0.930353,0.002190796,-0.004000499
0.934434,0.002317802,-0.003968748
0.93851,0.002444786,-0.003936998
0.942591,0.002571785,-0.003873498
0.94667,0.002667023,-0.003809998
0.950751,0.002762268,-0.003746499
0.95483,0.002857506,-0.003682998
0.958909,0.002920998,-0.003651249
0.96299,0.002984497,-0.003587749
0.967068,0.003016243,-0.003524249
0.971308,0.003047989,-0.003460748
0.975235,0.003111481,-0.003301999
0.979313,0.003111481,-0.003270249
0.983394,0.003111481,-0.003174999
0.987483,0.003111481,-0.003111499
0.991552,0.003111481,-0.003079749
0.995634,0.003079735,-0.002984499
0.99971,0.003047989,-0.002920998
1.003792,0.003016243,-0.002825749
1.007873,0.002952728,-0.002762248
1.01195,0.002889236,-0.002666998
1.016032,0.002825745,-0.002603498
1.02011,0.002762245,-0.002539999
1.024282,0.002635246,-0.002444748
1.028292,0.002540009,-0.002381248
1.032367,0.00241301,-0.002317748
1.036447,0.002317772,-0.002254248
1.040532,0.002159004,-0.002190748
1.044611,0.002032021,-0.002127248
1.04871,0.001873276,-0.002063748
1.052886,0.001746277,-0.002000248
1.056887,0.001555786,-0.001968498
1.060941,0.00142878,-0.001904998
1.065122,0.001270042,-0.001873248
1.069106,0.001143036,-0.001841498
1.073294,0.000984299,-0.001777998
1.077265,0.000793793,-0.001746248
1.081344,0.000666801,-0.001714498
1.085421,0.000539787,-0.001650998
1.089502,0.000381042,-0.001619248
1.09358,0.000285789,-0.001587498
1.09766,0.000158806,-0.001587498
1.101739,3.18E-05,-0.001555748
1.105819,-3.17E-05,-0.001523998
1.109901,-0.000126961,-0.001492248
1.113978,-0.000222206,-0.001492248
1.11806,-0.000253967,-0.001460498
1.122139,-0.000317451,-0.001460498
1.126205,-0.000349197,-0.001460498
1.130259,-0.000349197,-0.001460498
1.134336,-0.000349197,-0.001460498
1.138415,-0.000349197,-0.001460498
1.142494,-0.000349197,-0.001460498
1.146572,-0.000349197,-0.001460498
1.150652,-0.000349197,-0.001460498
1.15473,-0.000349197,-0.001460498
1.158809,-0.000349197,-0.001460498
1.162889,-0.000349197,-0.001460498
1.167006,-0.000349197,-0.001460498
1.171086,-0.000349197,-0.001428748
1.175167,-0.000317451,-0.001428748
1.179246,-0.000285713,-0.001428748
1.183328,-0.000253967,-0.001396998
1.187407,-0.000222206,-0.001396998
1.191477,-0.00019046,-0.001365248
1.19557,-0.00019046,-0.001365248
1.199647,-0.000158714,-0.001333498
1.203728,-0.000126968,-0.001333498
1.207806,-9.52E-05,-0.001301748
1.211888,-6.35E-05,-0.001301748
1.215957,-3.17E-05,-0.001269998
1.220046,-3.17E-05,-0.001269998
1.224128,8.00E-09,-0.001238248
1.228205,3.18E-05,-0.001206498
1.232294,6.35E-05,-0.001206498
1.236362,9.53E-05,-0.001174748
1.240451,9.53E-05,-0.001174748
1.244531,0.000126999,-0.001174748
1.24862,0.000158745,-0.001142998
1.252692,0.000158745,-0.001142998
1.256775,0.000190491,-0.001142998
1.260978,0.000222237,-0.001142998
1.265246,0.000222237,-0.001111248
1.265251,0.000222237,-0.001111248
1.269193,0.000253983,-0.001111248
1.273121,0.000253983,-0.001111248
1.277208,0.000253983,-0.001111248
1.281269,0.000285736,-0.001079497
1.285336,0.000285736,-0.001079497
1.289412,0.000285736,-0.001079497
1.293487,0.000285736,-0.001079497
1.297565,0.000285736,-0.001079497
1.301641,0.000285736,-0.001079497
1.30572,0.000285736,-0.001079497
1.309799,0.000285736,-0.001079497
1.313876,0.000285736,-0.001079497
1.317956,0.000285736,-0.001079497
1.322033,0.000285736,-0.001079497
1.326134,0.000285736,-0.001079497
1.330204,0.000285736,-0.001047747
1.334271,0.000285736,-0.001047747
1.338471,0.000285736,-0.001047747
1.342476,0.000253983,-0.001015998
1.346552,0.000222237,-0.001015997
1.350622,0.000222237,-0.000984247
1.354711,0.000222237,-0.000984247
1.358793,0.000190491,-0.000984248
1.36287,0.000190491,-0.000952498
1.366913,0.000190491,-0.000952498
1.371032,0.000190491,-0.000952498
1.375098,0.000158745,-0.000952497
1.379153,0.000158745,-0.000952497
1.383231,0.000158745,-0.000952497
1.387309,0.000158745,-0.000952497
1.391428,0.000158745,-0.000952497
1.395495,0.000126999,-0.000952497
1.39955,0.000126999,-0.000952497
1.403628,0.000126999,-0.000952497
1.407706,0.000126999,-0.000952497
1.411786,0.000126999,-0.000952497
1.415864,0.000126999,-0.000952497
1.419943,0.000126999,-0.000952497
1.424023,0.000126999,-0.000952497
1.428109,0.000126999,-0.000952497
1.432234,0.000126999,-0.000952497
1.436324,0.000158745,-0.000984247
1.440406,0.000190491,-0.001015998
1.444574,0.000253983,-0.001047748
1.448553,0.000317482,-0.001047747
1.452634,0.000444466,-0.001111247
1.456775,0.000539719,-0.001111248
1.460804,0.000666725,-0.001174748
1.464883,0.00082547,-0.001206498
1.468964,0.000984215,-0.001238248
1.473044,0.001142975,-0.001301748
1.477125,0.001365234,-0.001365248
1.481247,0.001587471,-0.001428748
1.485284,0.001873215,-0.001492248
1.489361,0.002095467,-0.001555748
1.493442,0.002349457,-0.001619248
1.497521,0.002635208,-0.001682748
1.501599,0.002889198,-0.001746248
1.50568,0.003174927,-0.001809748
1.509758,0.003492439,-0.001904998
1.513852,0.003778198,-0.001968498
1.517932,0.004095695,-0.002031998
1.522009,0.004444931,-0.002158998
1.526089,0.004762428,-0.002222498
1.530321,0.005111679,-0.002317748
1.534251,0.005556183,-0.002444748
1.538333,0.005905449,-0.002571748
1.54241,0.006286438,-0.002666998
1.546491,0.006635674,-0.002793998
1.550571,0.006984932,-0.002920998
1.554654,0.007365936,-0.003047998
1.558733,0.007683434,-0.003174999
1.562819,0.008064445,-0.003333749
1.566898,0.008445435,-0.003492499
1.570978,0.00879467,-0.003651248
1.575055,0.009143929,-0.003809998
1.579241,0.009524933,-0.004000498
1.583256,0.00984243,-0.004127498
1.587298,0.010604424,-0.004508498
1.591378,0.010921936,-0.004667248
1.595455,0.011271187,-0.004825997
1.599537,0.01162043,-0.005016497
1.603615,0.011906174,-0.005175248
1.607696,0.012223671,-0.005333998
1.611777,0.012572922,-0.005524498
1.615857,0.012858665,-0.005683247
1.619938,0.013176163,-0.005841997
1.624025,0.013525414,-0.006032498
1.628105,0.013779404,-0.006159498
1.632296,0.014065163,-0.006318246
1.6364,0.014446167,-0.006508746
1.640436,0.014731918,-0.006635746
1.644432,0.015017662,-0.006794497
1.648509,0.015303413,-0.006921497
1.652687,0.015589157,-0.007048497
1.65667,0.015906654,-0.007207248
1.660752,0.016128899,-0.007334247
1.664836,0.016446404,-0.007461246
1.668914,0.016732155,-0.007588247
1.672995,0.017017899,-0.007715245
1.677077,0.01730365,-0.007842247
1.681295,0.017621155,-0.008000995
1.685239,0.01797039,-0.008127995
1.689316,0.018256134,-0.008286745
1.693397,0.01854187,-0.008413746
1.697475,0.018827621,-0.008540745
1.701555,0.019145111,-0.008699493
1.705635,0.019430862,-0.008794745
1.709712,0.019748352,-0.008921744
1.713795,0.020065872,-0.009080494
1.717876,0.020351616,-0.009175745
1.721953,0.020669121,-0.009302745
1.726035,0.021018364,-0.009461493
1.730113,0.021272354,-0.009556744
1.734259,0.021589859,-0.009683743
1.738276,0.022002594,-0.009842495
1.742354,0.022288353,-0.009969495
1.746435,0.022637611,-0.010096492
1.750512,0.022955109,-0.010191743
1.754593,0.023272598,-0.010318745
1.758673,0.023621849,-0.010445743
1.762752,0.0239076,-0.010509243
1.766847,0.024225113,-0.010636244
1.770924,0.02460611,-0.010731493
1.775004,0.024923599,-0.010794994
1.779084,0.025272873,-0.010890243
1.783302,0.025653854,-0.010985494
1.787247,0.026066612,-0.011080745
1.791333,0.026447609,-0.011175995
1.795405,0.026765106,-0.011239495
1.799486,0.027146095,-0.011334745
1.803563,0.0275271,-0.011429996
1.807722,0.027844597,-0.011525248
1.811735,0.028193863,-0.011620496
1.815821,0.028606606,-0.011747498
1.819902,0.028924095,-0.011842749
1.823983,0.029273369,-0.011969748
1.828064,0.02965435,-0.012096746
1.832662,0.029940102,-0.012191998
1.836647,0.030352852,-0.012382496
1.840462,0.030606865,-0.012509497
1.844806,0.030924347,-0.012636496
1.846737,0.030924347,-0.012636496
1.848565,0.031178337,-0.012795245
1.852602,0.031432365,-0.012922244
1.856725,0.031654602,-0.013049244
1.860744,0.031908615,-0.013207994
1.864891,0.032067352,-0.013334996
1.868909,0.032289597,-0.013461995
1.873046,0.032448357,-0.013620744
1.877072,0.032607101,-0.013715997
1.881204,0.032734116,-0.013842995
1.885233,0.032892838,-0.013969996
1.88936,0.032988098,-0.014065243
1.893393,0.033083351,-0.014160496
1.897518,0.033146843,-0.014255746
1.901554,0.033178589,-0.014319246
1.90574,0.033210342,-0.014382746
1.909748,0.033210342,-0.014382746
1.913854,0.033210342,-0.014446248
1.917905,0.033210342,-0.014477997
1.922014,0.033178589,-0.014509748
1.926067,0.033115097,-0.014573246
1.930303,0.033051605,-0.014573248
1.934232,0.032924606,-0.014604995
1.938331,0.0327976,-0.014604996
1.942426,0.032638863,-0.014604996
1.94652,0.032448364,-0.014636746
1.950609,0.032162613,-0.014636749
1.954699,0.031940361,-0.014636746
1.958785,0.031622864,-0.014604999
1.962871,0.031241867,-0.014604995
1.966956,0.030860863,-0.014573246
1.971036,0.030448128,-0.014541494
1.975121,0.029908363,-0.014509747
1.97927,0.029495613,-0.014477997
1.983285,0.028733612,-0.014382746
1.987369,0.028193863,-0.014287497
1.991448,0.027590622,-0.014160496
1.995529,0.026923859,-0.014033497
1.999611,0.026352364,-0.013938246
2.003691,0.025717361,-0.013811244
2.007771,0.024987122,-0.013652495
2.011854,0.024383858,-0.013525497
2.015934,0.023748863,-0.013430246
2.020013,0.023050354,-0.013271497
2.024092,0.022510612,-0.013176247
2.028305,0.021907364,-0.013049248
2.032262,0.021145355,-0.012890496
2.036358,0.020605598,-0.012763498
2.040507,0.020002357,-0.012604748
2.044536,0.019557854,-0.012477747
2.048585,0.019081596,-0.012350747
2.052764,0.01854184,-0.012191998
2.056751,0.018129112,-0.012064995
2.060838,0.017716354,-0.011937999
2.064916,0.017240105,-0.011811
2.068996,0.016922607,-0.011683999
2.073074,0.016509865,-0.011556999
2.077314,0.016097107,-0.01139825
2.08124,0.015303352,-0.011112499
2.085315,0.014922348,-0.01095375
2.089396,0.014604866,-0.010826751
2.09348,0.014255608,-0.01069975
2.097554,0.013842865,-0.01050925
2.101634,0.013557106,-0.010382251
2.105712,0.01320787,-0.010223499
2.109793,0.012858612,-0.010064752
2.113873,0.012572861,-0.009906002
2.117951,0.012287125,-0.009715502
2.122033,0.012001396,-0.009525002
2.126111,0.011747398,-0.009366251
2.130249,0.011493385,-0.009207502
2.134277,0.011207626,-0.00898525
2.138355,0.01098539,-0.008826502
2.142436,0.010763138,-0.008636001
2.146518,0.010572624,-0.008477252
2.150594,0.010382133,-0.008318502
2.154675,0.010223381,-0.008128002
2.158753,0.010096405,-0.008001001
2.162842,0.009969398,-0.007842253
2.166921,0.009810654,-0.007683503
2.170998,0.009715408,-0.007556503
2.17508,0.009620171,-0.007397752
2.179291,0.009524933,-0.007239002
2.183243,0.009429688,-0.007112003
2.187321,0.00933445,-0.006953253
2.191399,0.009270958,-0.006858003
2.195481,0.009175713,-0.006731003
2.199559,0.009080444,-0.006604003
2.20364,0.009048706,-0.006508754
2.20772,0.008953468,-0.006381753
2.211798,0.008889969,-0.006254753
2.21588,0.008826485,-0.006159504
2.219963,0.008762985,-0.006064253
2.224152,0.008699471,-0.005937253
2.228131,0.008635971,-0.005873755
2.232206,0.008572472,-0.005778503
2.236386,0.008477234,-0.005683253
2.2404,0.008381996,-0.005556253
2.244453,0.008318497,-0.005492754
2.248606,0.008254997,-0.005397504
2.252616,0.008191498,-0.005334003
2.256694,0.00809626,-0.005238753
2.260774,0.008032753,-0.005175253
2.264857,0.007937515,-0.005111755
2.268949,0.007810501,-0.005016504
2.273037,0.007747002,-0.004953004
2.277115,0.007651764,-0.004889504
2.281279,0.007524765,-0.004794253
2.285272,0.007397758,-0.004730755
2.289353,0.007270782,-0.004635504
2.293429,0.007143776,-0.004572005
2.297508,0.007016777,-0.004508504
2.301588,0.006889786,-0.004445005
2.305667,0.006762772,-0.004413254
2.309746,0.006635788,-0.004349755
2.313829,0.006477043,-0.004286255
2.317908,0.006350044,-0.004222756
2.321988,0.006191307,-0.004191005
2.326065,0.006032562,-0.004127505
2.330275,0.005905556,-0.004095755
2.334269,0.005746834,-0.004032256
2.33831,0.005619812,-0.003968755
2.34239,0.005461082,-0.003937005
2.346468,0.005302315,-0.003873506
2.350549,0.005143562,-0.003841755
2.35463,0.005016556,-0.003810005
2.358708,0.004857811,-0.003778255
2.362788,0.004699074,-0.003714756
2.366869,0.004572075,-0.003683005
2.37095,0.004381577,-0.003651255
2.375029,0.004286339,-0.003619505
2.379107,0.004127579,-0.003587755
2.383295,0.003968849,-0.003556005
2.38727,0.003778336,-0.003524255
2.391349,0.003619598,-0.003492505
2.395431,0.003524353,-0.003460755
2.399508,0.003365608,-0.003429005
2.403589,0.003206871,-0.003397255
2.407669,0.003111633,-0.003397255
2.411748,0.002984612,-0.003365505
2.415829,0.002857628,-0.003333755
2.419917,0.002762383,-0.003333755
2.423994,0.002667145,-0.003333756
2.428075,0.002571907,-0.003302005
2.432357,0.002476662,-0.003302005
2.436339,0.002254417,-0.003270255
2.440322,0.002222672,-0.003270255
2.444464,0.002127426,-0.003270255
2.448486,0.002063934,-0.003238505
2.452562,0.002000427,-0.003238505
2.456644,0.001936935,-0.003206756
2.460721,0.001873444,-0.003175006
2.464803,0.001841698,-0.003175006
2.468889,0.001809944,-0.003143255
2.472954,0.001746437,-0.003111506
2.477046,0.001746437,-0.003111506
2.481123,0.001714691,-0.003079756
2.485264,0.001682945,-0.003048006
2.489286,0.001682945,-0.003016256
2.493352,0.001651192,-0.002984506
2.497445,0.001651192,-0.002984506
2.501523,0.001651192,-0.002921006
2.505602,0.001651192,-0.002889256
2.509684,0.001651192,-0.002857506
2.513762,0.001619446,-0.002794006
2.517843,0.001619446,-0.002762256
2.521923,0.001619446,-0.002698756
2.526,0.001619446,-0.002635256
2.530082,0.001619446,-0.002603507
2.534161,0.0015877,-0.002540006
2.538244,0.0015877,-0.002476506
2.542323,0.0015877,-0.002413006
2.546401,0.001555954,-0.002349506
2.550483,0.001524208,-0.002317756
2.554561,0.001524208,-0.002254256
2.558643,0.00149247,-0.002190756
2.562725,0.001460724,-0.002127256
2.566802,0.001428978,-0.002095506
2.570893,0.001397217,-0.002032006
2.575005,0.001333733,-0.001968506
2.579051,0.001301987,-0.001936756
2.583179,0.001238464,-0.001841506
2.587245,0.001206718,-0.001809756
2.591293,0.001143227,-0.001714506
2.595371,0.00107972,-0.001651006
2.599449,0.001016205,-0.001587506
2.603531,0.000952713,-0.001492256
2.607609,0.000889221,-0.001428756
2.611691,0.000857475,-0.001365256
2.615772,0.00076223,-0.001270006
2.619853,0.000730484,-0.001238256
2.623935,0.000698738,-0.001174756
2.62806,0.000635231,-0.001079506
2.632305,0.000571739,-0.001016006
2.636376,0.000539993,-0.000952506
2.64038,0.000476501,-0.000889006
2.64439,0.000412994,-0.000793756
2.648429,0.000381248,-0.000730256
2.652508,0.000317757,-0.000635006
2.656592,0.000254265,-0.000571506
2.660669,0.000190765,-0.000476256
2.664756,0.000159019,-0.000412756
2.668844,9.55E-05,-0.000349256
2.67292,6.38E-05,-0.000285756
2.677001,2.59E-07,-0.000222256
2.681076,-3.15E-05,-0.000190506
2.685156,-9.50E-05,-0.000127006
2.689236,-0.000158485,-6.35E-05
2.693313,-0.000221992,-3.18E-05
2.697394,-0.000253738,-6.00E-09
2.701472,-0.000285484,3.17E-05
2.705553,-0.000348976,9.52E-05
2.709633,-0.000412476,0.000126994
2.713711,-0.000444221,0.000158744
2.717792,-0.000475967,0.000190494
2.72187,-0.000507713,0.000222244
2.72594,-0.000539459,0.000222244
2.729993,-0.000539459,0.000222244
2.734295,-0.000539459,0.000222244
2.7343,-0.000539459,0.000222244
2.738494,-0.000539459,0.000222244
2.742249,-0.000539459,0.000222244
2.746326,-0.000539459,0.000222244
2.750403,-0.000539459,0.000222244
2.75448,-0.000539459,0.000222244
2.758559,-0.000539459,0.000222244
2.762637,-0.000539459,0.000222244
2.766715,-0.000539459,0.000222244
2.770818,-0.000539459,0.000222244
2.774896,-0.000507713,0.000222244
2.778964,-0.000475967,0.000222244
2.783056,-0.000475967,0.000222244
2.787135,-0.000444221,0.000190494
2.791215,-0.000412476,0.000158744
2.795293,-0.00038073,0.000158744
2.799374,-0.00038073,0.000126994
2.803527,-0.000348976,0.000126994
2.807544,-0.000348976,0.000126994
2.811635,-0.000348976,0.000126994
2.815715,-0.00031723,0.000126994
2.819784,-0.00031723,9.52E-05
2.823936,-0.00031723,9.52E-05
2.827955,-0.000285484,9.52E-05
2.832046,-0.000285484,9.52E-05
2.836169,-0.000285484,9.52E-05
2.840206,-0.000285484,9.52E-05
2.844281,-0.000285484,9.52E-05
2.848355,-0.000285484,9.52E-05
2.852433,-0.000285484,9.52E-05
2.856508,-0.000285484,9.52E-05
2.860584,-0.000285484,9.52E-05
2.864663,-0.000285484,9.52E-05
2.868781,-0.000285484,9.52E-05
2.87286,-0.000253738,6.35E-05
2.876937,-0.000253738,3.17E-05
2.881017,-0.000253738,-6.00E-09
2.885097,-0.000253738,-3.18E-05
2.889175,-0.000221992,-6.35E-05
2.893258,-0.000221992,-9.53E-05
2.897328,-0.000221992,-0.000127006
2.901377,-0.000221992,-0.000127006
2.905495,-0.000221992,-0.000127006
2.90956,-0.000221992,-0.000158756
2.913651,-0.000221992,-0.000158756
2.917722,-0.000253738,-0.000158756
2.921811,-0.000253738,-0.000158756
2.925893,-0.000285484,-0.000158756
2.929979,-0.00031723,-0.000158756
2.934052,-0.000380745,-0.000158756
2.93822,-0.000412491,-0.000158756
2.942255,-0.000475998,-0.000127006
2.946298,-0.000602982,-6.35E-05
2.950377,-0.000698235,-6.00E-09
2.954456,-0.000825233,6.35E-05
2.958536,-0.001015747,0.000158744
2.962614,-0.001142731,0.000285744
2.966695,-0.00136499,0.000412744
2.970776,-0.001618988,0.000571494
2.974856,-0.00184124,0.000698494
2.978936,-0.002095245,0.000888995
2.983014,-0.002444481,0.001111245
2.987096,-0.002698486,0.001269994
2.99135,-0.003047722,0.001492245
2.995262,-0.003428741,0.001777995
2.999339,-0.003809731,0.002031994
3.003417,-0.004254234,0.002285995
3.0075,-0.004603477,0.002508245
3.011582,-0.004984489,0.002793995
3.015659,-0.005460732,0.003111495
3.019758,-0.005841736,0.003333745
3.023862,-0.006317993,0.003651245
3.027916,-0.006825989,0.003968745
3.032021,-0.007206985,0.004222745
3.036067,-0.007683235,0.004540245
3.040361,-0.008222992,0.004921245
3.04424,-0.008667496,0.005206995
3.048333,-0.009175499,0.005556244
3.052408,-0.009651741,0.005873745
3.056483,-0.010127983,0.006222996
3.060563,-0.010699493,0.006635746
3.064641,-0.01114399,0.006953245
3.068717,-0.011683731,0.007365996
3.072798,-0.012255249,0.007778745
3.076878,-0.012731483,0.008127995
3.080957,-0.013271233,0.008540746
3.085036,-0.013874489,0.008985246
3.089136,-0.014350731,0.009366246
3.093259,-0.014953987,0.009810747
3.097276,-0.015652489,0.010350496
3.101356,-0.016223991,0.010763247
3.105436,-0.016858994,0.011271245
3.109513,-0.017366997,0.011652246
3.113594,-0.018002007,0.012096745
3.117674,-0.018605255,0.012572995
3.121751,-0.01917675,0.012985746
3.125832,-0.019748245,0.013461996
3.129911,-0.020415009,0.013938246
3.133992,-0.020891251,0.014350997
3.138072,-0.021494507,0.014827247
3.142307,-0.022097748,0.015303498
3.146236,-0.023304253,0.016255997
3.150313,-0.023939255,0.016763998
3.154395,-0.024415504,0.017176744
3.158477,-0.024987007,0.017652996
3.162552,-0.025590248,0.01812925
3.166632,-0.026098248,0.01857375
3.17071,-0.026637993,0.01901825
3.174791,-0.027241253,0.019526249
3.178873,-0.027717491,0.019907251
3.182951,-0.028289001,0.020383499
3.187032,-0.028828754,0.020859753
3.19111,-0.029336754,0.021272501
3.195294,-0.029876503,0.021717001
3.199275,-0.030511505,0.022225
3.203354,-0.031051254,0.0226695
3.207436,-0.031622753,0.02314575
3.21153,-0.032130753,0.023526751
3.215644,-0.032638756,0.023939503
3.219718,-0.033242012,0.024384001
3.223776,-0.033654762,0.024765003
3.227886,-0.034162762,0.025146002
3.23193,-0.03476601,0.025622252
3.236011,-0.035210514,0.026003252
3.24009,-0.035718513,0.026384249
3.244313,-0.036290012,0.026828753
3.248258,-0.036829762,0.027273254
3.252352,-0.037369511,0.027686005
3.256427,-0.037814014,0.028003498
3.260506,-0.038353767,0.028416248
3.264582,-0.038861763,0.028797255
3.26866,-0.039306259,0.029114756
3.27274,-0.039782501,0.029495758
3.276818,-0.040322254,0.029876762
3.2809,-0.040735001,0.030194258
3.284986,-0.041243,0.030575266
3.289056,-0.041814495,0.030956259
3.293205,-0.042227245,0.031242012
3.297259,-0.042703503,0.031591267
3.301299,-0.043306744,0.03203577
3.305377,-0.043846497,0.032385017
3.309455,-0.044354492,0.03276601
3.313536,-0.044830742,0.033083515
3.317614,-0.045338737,0.03343277
3.321693,-0.04594199,0.033845516
3.325773,-0.04638649,0.034131268
3.329855,-0.046957989,0.034512268
3.333935,-0.047529484,0.034893272
3.338011,-0.048005733,0.035210773
3.342093,-0.048545483,0.035560024
3.346316,-0.049148727,0.035941025
3.350254,-0.04978373,0.036322021
3.354334,-0.050355228,0.03667128
3.358411,-0.050831478,0.036988781
3.362491,-0.051371227,0.037306282
3.366572,-0.051942726,0.037623783
3.370649,-0.052387222,0.037877781
3.374729,-0.052926971,0.03819529
3.378814,-0.053434975,0.038481033
3.382896,-0.053911217,0.038703289
3.386975,-0.05438747,0.038957291
3.391052,-0.054927219,0.039179539
3.395466,-0.05530822,0.039370033
3.399107,-0.05530822,0.039370033
3.399535,-0.055943222,0.039624039
3.403509,-0.056324219,0.039751041
3.407705,-0.056736969,0.03990979
3.411669,-0.057181469,0.040036793
3.415844,-0.05753072,0.040132042
3.419832,-0.057879967,0.040195549
3.423997,-0.058260973,0.040290794
3.42802,-0.058514973,0.040322544
3.432424,-0.058800722,0.040386044
3.436367,-0.059403973,0.040449547
3.440389,-0.059784973,0.040449551
3.444323,-0.060007225,0.040481297
3.448472,-0.060134228,0.040481297
3.452485,-0.060261229,0.040481297
3.456631,-0.060356478,0.040481297
3.46066,-0.060388227,0.040481297
3.464773,-0.060419975,0.040449551
3.468911,-0.060419975,0.040449551
3.472964,-0.060419977,0.040417789
3.476991,-0.060388227,0.040386044
3.481118,-0.060292974,0.040322544
3.485302,-0.060229473,0.040290794
3.489278,-0.05994372,0.040195545
3.493311,-0.059816727,0.040163788
3.497433,-0.059657972,0.040068546
3.501469,-0.059435724,0.039973293
3.50559,-0.059213474,0.03987804
3.509628,-0.058927715,0.039751041
3.513748,-0.058578472,0.039592293
3.517786,-0.058229216,0.039465294
3.521904,-0.057816471,0.039274796
3.525945,-0.057308472,0.03902079
3.530059,-0.056863976,0.038766788
3.534105,-0.056324226,0.038512783
3.538227,-0.055689224,0.038195282
3.542264,-0.054958977,0.037814285
3.546374,-0.054260479,0.037465031
3.550421,-0.053657227,0.037147533
3.554535,-0.052990479,0.036766529
3.558581,-0.052228474,0.036353783
3.56269,-0.051625233,0.036036278
3.566741,-0.050863228,0.035655277
3.570847,-0.050132977,0.035242531
3.574901,-0.049466236,0.034861526
3.579007,-0.048767731,0.03448053
3.58306,-0.048005726,0.03406778
3.587308,-0.047434235,0.033718529
3.591262,-0.046545231,0.033210529
3.595327,-0.045973732,0.032829529
3.599383,-0.04533873,0.032448532
3.603486,-0.044671986,0.032035774
3.607545,-0.044195732,0.031718273
3.611606,-0.043624237,0.031337271
3.61568,-0.043052742,0.030924524
3.61981,-0.042576485,0.030607025
3.623819,-0.042100246,0.030226021
3.627939,-0.041560493,0.029845024
3.631998,-0.041179501,0.029527523
3.636049,-0.040734989,0.029146521
3.640127,-0.040290489,0.028765514
3.644241,-0.039909489,0.028416269
3.64828,-0.039369743,0.027940014
3.652357,-0.039020489,0.027590767
3.656436,-0.038639488,0.027209766
3.660513,-0.038194988,0.026797016
3.664589,-0.03787748,0.026447769
3.66867,-0.037464745,0.026003267
3.672746,-0.037051987,0.025590517
3.676827,-0.036670998,0.025177765
3.680908,-0.036289982,0.024733267
3.684984,-0.035813744,0.024257015
3.689064,-0.035432743,0.023876015
3.693264,-0.034988243,0.023399763
3.697269,-0.034480247,0.022891766
3.701308,-0.034004002,0.022415514
3.705384,-0.033464241,0.021875765
3.709465,-0.033019741,0.021463017
3.713543,-0.032479992,0.020955015
3.717623,-0.031940247,0.020447014
3.721703,-0.03143224,0.020002512
3.725781,-0.030892494,0.019494514
3.72987,-0.030289253,0.018954763
3.73395,-0.029812996,0.018542013
3.738026,-0.029209755,0.01800226
3.742107,-0.028606499,0.017494263
3.746298,-0.02806675,0.017018011
3.750269,-0.027273003,0.016351261
3.754348,-0.026764996,0.015938513
3.758425,-0.026129993,0.015398761
3.762506,-0.025494987,0.014890759
3.766585,-0.024955246,0.01441451
3.770665,-0.02435199,0.01393826
3.774744,-0.023653488,0.01339851
3.778822,-0.023145485,0.012954011
3.782904,-0.022478745,0.01244601
3.786982,-0.021843735,0.011938009
3.791061,-0.021303986,0.01149351
3.795269,-0.020700729,0.01101726
3.79927,-0.020033997,0.010477509
3.803315,-0.01943074,0.01003301
3.807391,-0.018795738,0.009493259
3.811551,-0.018255989,0.00904876
3.815591,-0.017684494,0.008604258
3.819635,-0.017017731,0.008096259
3.823804,-0.016541489,0.007683509
3.827801,-0.015969978,0.007239008
3.831897,-0.015334991,0.006731008
3.835968,-0.014795235,0.006318258
3.840045,-0.014255493,0.005873758
3.844125,-0.013620476,0.005397509
3.848265,-0.013144234,0.005016508
3.85229,-0.012413986,0.004476758
3.856369,-0.011937737,0.004127508
3.860445,-0.011397987,0.003714758
3.864524,-0.010858238,0.003302008
3.868603,-0.010381981,0.002952758
3.872682,-0.009873978,0.002571758
3.876762,-0.009365974,0.002190758
3.880844,-0.008953239,0.001873258
3.884924,-0.008445244,0.001524008
3.889005,-0.007968987,0.001174758
3.893083,-0.007587982,0.000889008
3.897314,-0.007143486,0.000603258
3.901254,-0.00663549,0.000222258
3.905326,-0.006222717,-6.35E-05
3.909407,-0.005778236,-0.000349242
3.913485,-0.005428978,-0.000603242
3.917566,-0.005047989,-0.000857242
3.921647,-0.004666969,-0.001111242
3.925724,-0.004349472,-0.001301742
3.929806,-0.004000237,-0.001523992
3.933886,-0.003650986,-0.001746242
3.937967,-0.003365234,-0.001904992
3.942046,-0.003079491,-0.002063742
3.946124,-0.002793739,-0.002222492
3.950322,-0.002571503,-0.002317742
3.954289,-0.002285751,-0.002476492
3.958368,-0.002095245,-0.002539992
3.962448,-0.001904732,-0.002635243
3.966526,-0.001746002,-0.002698742
3.970607,-0.001618988,-0.002762242
3.97472,-0.001491997,-0.002793993
3.978805,-0.001396744,-0.002825742
3.982883,-0.001333244,-0.002857492
3.986958,-0.001237999,-0.002889242
3.991026,-0.001206253,-0.002889242
3.995075,-0.001206253,-0.002889242
3.999151,-0.001206253,-0.002889242
4.003231,-0.001206253,-0.002889242
4.007337,-0.001206253,-0.002889242
4.011462,-0.001206253,-0.002889242
4.01551,-0.001206253,-0.002857492
4.019663,-0.001206253,-0.002825742
4.023674,-0.001237999,-0.002762242
4.02776,-0.001269745,-0.002730492
4.031842,-0.001333244,-0.002666992
4.03592,-0.00136499,-0.002603492
4.039996,-0.001396736,-0.002571742
4.044077,-0.001460243,-0.002476492
4.048295,-0.001491989,-0.002412992
4.052244,-0.001523735,-0.002317743
4.056322,-0.001555481,-0.002222492
4.060398,-0.001587227,-0.002158992
4.064479,-0.001618973,-0.002095492
4.068556,-0.001618973,-0.001968492
4.072637,-0.001618973,-0.001904992
4.076718,-0.001618973,-0.001809742
4.080796,-0.001618973,-0.001746242
4.084877,-0.001618973,-0.001650992
4.088958,-0.001618973,-0.001555742
4.093035,-0.001618973,-0.001460492
4.097116,-0.001587227,-0.001428742
4.101194,-0.001587227,-0.001333492
4.105276,-0.001555481,-0.001238242
4.109356,-0.001555481,-0.001174742
4.113435,-0.001523735,-0.001111242
4.117515,-0.001523735,-0.001047742
4.121594,-0.001491989,-0.000952492
4.125676,-0.001491989,-0.000888992
4.129757,-0.001460243,-0.000857242
4.133841,-0.001460243,-0.000761992
4.13792,-0.00142849,-0.000730242
4.141998,-0.00142849,-0.000698492
4.14608,-0.001396744,-0.000603242
4.15016,-0.001364998,-0.000571492
4.154238,-0.001333252,-0.000539742
4.158319,-0.001301506,-0.000507992
4.162397,-0.00126976,-0.000476242
4.166477,-0.001206253,-0.000412742
4.170558,-0.001174507,-0.000412742
4.174645,-0.001142761,-0.000380992
4.178724,-0.001079269,-0.000349242
4.182803,-0.001047516,-0.000317492
4.186887,-0.000984024,-0.000317492
4.19097,-0.000920525,-0.000285742
4.195048,-0.00085701,-0.000285742
4.199127,-0.000793518,-0.000285742
4.203288,-0.000730019,-0.000253992
4.207325,-0.000666519,-0.000253992
4.211419,-0.000571266,-0.000253992
4.215548,-0.000507774,-0.000222242
4.219541,-0.000444275,-0.000222242
4.223655,-0.000380768,-0.000222242
4.227712,-0.000349022,-0.000222242
4.231791,-0.000285515,-0.000190492
4.23587,-0.000253769,-0.000190492
4.239938,-0.000222023,-0.000190492
4.24399,-0.000222023,-0.000190492
4.248066,-0.000222023,-0.000190492
4.252145,-0.000222023,-0.000190492
4.256225,-0.000222023,-0.000190492
4.2603,-0.000222023,-0.000190492
4.26438,-0.000222023,-0.000190492
4.268457,-0.000222023,-0.000190492
4.272537,-0.000222023,-0.000190492
4.276616,-0.000222023,-0.000190492
4.280733,-0.000222023,-0.000190492
4.284813,-0.000253769,-0.000190492
4.288892,-0.000285515,-0.000190492
4.292973,-0.000317261,-0.000190492
4.297042,-0.000349007,-0.000190492
4.301131,-0.000349007,-0.000190492
4.305214,-0.000380753,-0.000190492
4.30928,-0.000412506,-0.000190492
4.313373,-0.000412506,-0.000190492
4.317441,-0.000444252,-0.000190492
4.321493,-0.000444252,-0.000190492
4.325572,-0.000444252,-0.000190492
4.32965,-0.000444252,-0.000190492
4.333729,-0.000444252,-0.000190492
4.337809,-0.000444252,-0.000190492
4.341887,-0.000444252,-0.000190492
4.345967,-0.000444252,-0.000190492
4.350046,-0.000444252,-0.000190492
4.354124,-0.000444252,-0.000190492
4.358204,-0.000444252,-0.000190492
4.362282,-0.000444252,-0.000190492
4.366362,-0.000444252,-0.000190492
4.370441,-0.000444252,-0.000190492
4.37452,-0.000444252,-0.000190492
4.378601,-0.000444252,-0.000190492
4.382906,-0.000444252,-0.000190492
4.382911,-0.000444252,-0.000190492
4.387387,-0.000444252,-0.000190492
4.390874,-0.000444252,-0.000190492
4.394948,-0.000444252,-0.000190492
4.39904,-0.000444252,-0.000190492
4.403118,-0.000444252,-0.000190492
4.407184,-0.000444252,-0.000190492
4.411281,-0.000444252,-0.000190492
4.415352,-0.000444252,-0.000190492
4.419429,-0.000444252,-0.000190492
4.423508,-0.000444252,-0.000190492
4.427588,-0.000444252,-0.000190492
4.431666,-0.000444252,-0.000190492
4.435743,-0.000444252,-0.000190492
4.439822,-0.000444252,-0.000190492
4.4439,-0.000444252,-0.000190492
4.447977,-0.000444252,-0.000190492
4.452057,-0.000444252,-0.000190492
4.456135,-0.000444252,-0.000190492
4.460215,-0.000444252,-0.000190492
4.464294,-0.000444252,-0.000190492
4.468459,-0.000444252,-0.000190492
4.472483,-0.000444252,-0.000190492
4.476571,-0.000444252,-0.000190492
4.480641,-0.000444252,-0.000158742
4.484732,-0.000444252,-0.000158742
4.488798,-0.000444252,-0.000126992
4.492893,-0.000444252,-0.000126992
4.496959,-0.000475998,-0.000126992
4.501013,-0.000475998,-0.000126992
4.505093,-0.000475998,-0.000126992
4.50917,-0.000475998,-0.000126992
4.51325,-0.000475998,-0.000126992
4.517328,-0.000475998,-0.000126992
4.521407,-0.000475998,-0.000126992
4.525487,-0.000475998,-0.000126992
4.529606,-0.000475998,-0.000126992
4.533686,-0.000475998,-0.000158742
4.537768,-0.000475998,-0.000190492
4.541849,-0.000475998,-0.000253992
4.545929,-0.000475998,-0.000317492
4.550008,-0.000475998,-0.000380992
4.554089,-0.000475998,-0.000476242
4.558322,-0.000475998,-0.000571492
4.562256,-0.000444252,-0.000666742
4.566335,-0.000412506,-0.000761992
4.570413,-0.000380753,-0.000857242
4.574494,-0.000349007,-0.000984242
4.578575,-0.000253769,-0.001111242
4.582655,-0.000190277,-0.001238242
4.586739,-6.33E-05,-0.001365242
4.590824,6.37E-05,-0.001523992
4.594993,0.000190735,-0.001682742
4.599022,0.000381248,-0.001841492
4.603065,0.000571739,-0.002000242
4.607465,0.00076223,-0.002158992
4.611244,0.001301987,-0.002603492
4.615315,0.001524239,-0.002762242
4.619395,0.001778244,-0.002952742
4.623474,0.002095741,-0.003143242
4.627554,0.002381485,-0.003333742
4.631633,0.00269899,-0.003555992
4.63571,0.003079994,-0.003778242
4.639795,0.003397491,-0.003968742
4.64387,0.003778503,-0.004222743
4.647951,0.004191231,-0.004476743
4.65203,0.004540482,-0.004698993
4.656109,0.004953239,-0.004952993
4.660274,0.005397736,-0.005270493
4.66427,0.005873978,-0.005556243
4.668351,0.006350227,-0.005873743
4.672431,0.006731224,-0.006095994
4.676509,0.007175728,-0.006413493
4.680591,0.00765197,-0.006699243
4.684668,0.008096466,-0.006984993
4.688749,0.008572723,-0.007270744
4.692841,0.009080719,-0.007619993
4.696918,0.009493462,-0.007873993
4.700998,0.010001465,-0.008191494
4.705078,0.01050946,-0.008508992
4.709302,0.010953957,-0.008794744
4.713241,0.012096962,-0.009493244
4.717318,0.012509697,-0.009747245
4.721399,0.012985954,-0.010064744
4.725478,0.013557449,-0.010382243
4.729557,0.014001953,-0.010667993
4.733637,0.014509956,-0.010985492
4.737715,0.015049713,-0.011334742
4.741797,0.015462448,-0.011588742
4.745879,0.015970444,-0.011906242
4.749956,0.016510201,-0.012255494
4.754038,0.016954704,-0.012541244
4.758117,0.017399208,-0.012858742
4.762284,0.017938957,-0.013239742
4.76628,0.018446968,-0.013588992
4.770358,0.01898671,-0.01396999
4.774439,0.019399445,-0.014255742
4.778517,0.019875694,-0.014573241
4.782599,0.020383705,-0.014954239
4.78668,0.020796432,-0.015239991
4.790878,0.021272705,-0.015589244
4.794897,0.021780693,-0.015970243
4.799006,0.022193436,-0.016255989
4.803125,0.022669678,-0.01660524
4.807121,0.023209442,-0.016986238
4.811441,0.023622185,-0.01727199
4.815274,0.024892174,-0.018160994
4.819353,0.025304947,-0.018446737
4.823429,0.025812935,-0.018827738
4.827511,0.026352692,-0.019208738
4.831691,0.026765427,-0.019526239
4.835802,0.02727343,-0.01984374
4.839926,0.027844925,-0.020256491
4.844005,0.028289429,-0.020542238
4.847998,0.028860931,-0.020923239
4.852065,0.029464172,-0.021304239
4.856259,0.029908669,-0.021589985
4.860261,0.030448418,-0.021939238
4.864298,0.031654915,-0.022701237
4.868375,0.03222641,-0.023082241
4.872456,0.032829666,-0.023463236
4.876527,0.033369431,-0.023780737
4.880606,0.03394091,-0.024098234
4.884684,0.034575912,-0.024479237
4.888764,0.035052162,-0.024764988
4.892859,0.035623665,-0.025082483
4.896936,0.036226921,-0.025431734
4.901017,0.036766663,-0.025749231
4.905092,0.037306419,-0.026066732
4.909332,0.037941422,-0.026415983
4.913263,0.038576416,-0.026765234
4.917339,0.039243179,-0.027082733
4.921418,0.039814667,-0.027368483
4.925496,0.040417923,-0.02765423
4.929577,0.041084671,-0.027939983
4.933657,0.04162442,-0.028162233
4.937734,0.04225943,-0.028416229
4.941827,0.042957916,-0.028670231
4.945906,0.043529419,-0.028892485
4.949986,0.044164413,-0.029114729
4.954065,0.044831177,-0.029336985
4.958369,0.045370926,-0.029463984
4.962234,0.04600592,-0.02962273
4.966313,0.046577423,-0.029749733
4.97039,0.047148911,-0.029844982
4.974472,0.047783905,-0.029971989
4.978549,0.048291916,-0.03003549
4.98263,0.048831665,-0.030098989
4.986709,0.049434921,-0.030130733
4.990969,0.049942932,-0.030130735
4.994905,0.050450928,-0.030162483
4.998958,0.050990677,-0.030162483
5.0033,0.051403427,-0.030130735
5.007133,0.051879669,-0.030098986
5.011253,0.052197174,-0.03003549
5.015294,0.052641663,-0.029971989
5.019373,0.053054413,-0.029876736
5.023454,0.053308411,-0.029813234
5.027544,0.053594162,-0.029749739
5.03162,0.05384816,-0.029654488
5.0357,0.054038666,-0.029590982
5.039779,0.054197403,-0.029527483
5.043862,0.054324402,-0.029463984
5.047941,0.054419662,-0.029368734
5.052019,0.054483154,-0.029305237
5.056099,0.054514893,-0.029241735
5.060305,0.054514893,-0.029178238
5.064266,0.054514893,-0.029051235
5.068346,0.054451401,-0.028987736
5.072423,0.054387924,-0.028892485
5.076503,0.05426091,-0.02879723
5.080583,0.054133911,-0.028701982
5.084662,0.053975174,-0.028606726
5.088745,0.053752914,-0.028479729
5.092826,0.053562424,-0.028384483
5.096907,0.053340164,-0.028289232
5.100987,0.05311792,-0.02816223
5.105066,0.05289566,-0.02809873
5.109316,0.052673401,-0.028003481
5.113233,0.052133652,-0.027781231
5.117366,0.051879654,-0.027685978
5.121395,0.051625656,-0.027622478
5.125473,0.051435165,-0.027527227
5.129554,0.051212906,-0.02746373
5.133632,0.050958893,-0.027368477
5.137713,0.050800156,-0.027336729
5.141795,0.050609665,-0.027273228
5.145874,0.050450912,-0.02724148
5.149955,0.05029216,-0.027209726
5.154035,0.050133423,-0.027177977
5.158115,0.050069931,-0.027177979
5.162203,0.050006424,-0.027177979
5.166268,0.049942932,-0.027177975
5.17032,0.049942932,-0.027177975
5.17461,0.049942932,-0.027177975
5.176434,0.049942932,-0.027177975
5.178542,0.049942932,-0.027177975
5.182585,0.049942932,-0.027177975
5.186729,0.049974686,-0.02720973
5.190756,0.050069931,-0.027209726
5.194901,0.050165192,-0.02724148
5.198944,0.050323944,-0.027273226
5.203108,0.050546204,-0.027304974
5.20707,0.050768448,-0.027336725
5.211205,0.051085938,-0.027400225
5.215234,0.051466949,-0.027431976
5.219361,0.051847946,-0.027463728
5.223393,0.052292435,-0.02749548
5.227519,0.05260994,-0.027527227
5.231553,0.05302269,-0.027558979
5.235678,0.053467178,-0.027590731
5.239712,0.053784668,-0.027590729
5.243835,0.054229172,-0.027590723
5.247875,0.054641907,-0.027590729
5.252099,0.054991165,-0.027558975
5.256057,0.055340424,-0.027527231
5.260313,0.055689682,-0.02746373
5.264262,0.05603894,-0.027400227
5.268331,0.056324692,-0.027336731
5.272378,0.056483429,-0.027273228
5.27649,0.056642181,-0.027177977
5.280539,0.056737427,-0.027114475
5.284647,0.05676918,-0.027050972
5.288701,0.056800919,-0.026987474
5.292803,0.056832672,-0.026955725
5.296863,0.056832672,-0.026923973
5.300963,0.056832672,-0.026892225
5.305008,0.056832672,-0.026860474
5.309122,0.056832672,-0.026860474
5.313179,0.05676918,-0.026828728
5.317244,0.056737427,-0.026828726
5.321311,0.056705688,-0.026796974
5.325379,0.056642181,-0.026796976
5.329452,0.05657869,-0.026765224
5.333521,0.056483444,-0.026733477
5.337597,0.056419952,-0.026733479
5.341673,0.056324692,-0.026701725
5.345748,0.056197693,-0.026669975
5.349826,0.056070694,-0.026638224
5.35396,0.055943695,-0.026606474
5.357989,0.055784943,-0.026574724
5.362065,0.055594452,-0.026511223
5.366273,0.055403961,-0.026447723
5.370276,0.055181702,-0.026415968
5.374309,0.054959457,-0.026352472
5.378426,0.054673706,-0.026288971
5.382563,0.054292694,-0.026225473
5.386557,0.053943436,-0.026130219
5.390665,0.053530701,-0.026034973
5.394755,0.052990952,-0.025907972
5.398807,0.052578201,-0.025812721
5.402885,0.052038452,-0.025685717
5.406966,0.051371704,-0.02549522
5.411045,0.050800201,-0.025368217
5.415228,0.050165207,-0.025209467
5.419261,0.049434952,-0.025018965
5.423299,0.04864119,-0.024860214
5.427375,0.047847443,-0.024637966
5.431456,0.047180695,-0.024510967
5.435535,0.046386948,-0.024320469
5.439612,0.045561447,-0.024129967
5.443693,0.044894699,-0.023971212
5.44777,0.044132706,-0.023780714
5.451853,0.043275452,-0.023558464
5.455933,0.042608704,-0.023399717
5.460011,0.041783218,-0.023209215
5.464093,0.040989456,-0.023018713
5.468315,0.040290955,-0.022828211
5.472256,0.03924321,-0.022574207
5.476336,0.038576462,-0.022383713
5.480412,0.037814461,-0.022224962
5.484493,0.036957214,-0.022002714
5.488571,0.03625872,-0.021812208
5.492652,0.035496719,-0.021621706
5.496732,0.034671242,-0.02143121
5.500811,0.034004463,-0.021272457
5.504892,0.033274216,-0.021050211
5.508973,0.032416969,-0.020827961
5.513052,0.031750229,-0.020637459
5.517213,0.031019981,-0.020446959
5.521257,0.030194473,-0.020224705
5.525296,0.029400719,-0.019970709
5.529375,0.028606987,-0.019748461
5.533452,0.028003716,-0.019557961
5.537534,0.02727346,-0.019335714
5.541614,0.026574966,-0.019113459
5.545694,0.02597171,-0.018922964
5.549775,0.025336723,-0.018732458
5.553855,0.024669945,-0.01851021
5.557936,0.024161949,-0.018351461
5.562014,0.023558701,-0.018129211
5.566097,0.022987206,-0.017938709
5.570323,0.02247921,-0.017748207
5.574366,0.021780693,-0.017462461
5.578409,0.021336182,-0.017271959
5.582422,0.020828186,-0.017049711
5.586523,0.020351936,-0.016827461
5.590699,0.01990744,-0.016605211
5.594686,0.019494682,-0.016382961
5.598761,0.019018433,-0.016128965
5.602857,0.018637436,-0.015938461
5.606933,0.018224686,-0.015716211
5.611011,0.017843697,-0.015462213
5.615088,0.017494453,-0.015271711
5.61931,0.017176941,-0.015049461
5.623251,0.016764191,-0.014795465
5.627327,0.016478439,-0.014573212
5.631408,0.016129204,-0.014350965
5.635486,0.015906952,-0.014192216
5.639564,0.015621208,-0.013969967
5.643644,0.015303703,-0.013747716
5.647722,0.015081459,-0.013588966
5.651803,0.014827454,-0.013430215
5.655882,0.014541702,-0.013207967
5.659963,0.01431945,-0.013049217
5.664043,0.014033714,-0.012858715
5.668121,0.013747978,-0.012636465
5.672255,0.01355748,-0.012509466
5.676285,0.013239983,-0.012255465
5.680362,0.013017723,-0.012096715
5.684442,0.012795479,-0.011937967
5.68852,0.012573242,-0.011747466
5.692603,0.012382736,-0.011588716
5.696682,0.012192223,-0.011429966
5.70076,0.011969978,-0.011239468
5.704853,0.011811241,-0.011112468
5.70893,0.011652481,-0.010921966
5.713011,0.011461975,-0.010763217
5.71709,0.011334984,-0.010636217
5.721312,0.011207993,-0.010477467
5.725253,0.011017487,-0.010286966
5.729331,0.010922241,-0.010128219
5.733412,0.010795242,-0.009937717
5.737491,0.010668251,-0.009810719
5.74157,0.010573013,-0.009651969
5.74565,0.010445999,-0.009493218
5.749728,0.010350754,-0.009366219
5.753808,0.010223755,-0.00923922
5.75789,0.010096748,-0.00908047
5.76199,0.009969742,-0.008921721
5.766075,0.009842735,-0.00879472
5.770313,0.00968399,-0.00860422
5.774353,0.009588737,-0.008477221
5.77834,0.009429985,-0.008286719
5.782395,0.009303009,-0.00815972
5.786585,0.009144241,-0.00800097
5.790558,0.008985512,-0.00781047
5.794634,0.008858513,-0.007683471
5.798715,0.00869976,-0.007524722
5.802794,0.008541023,-0.007365972
5.806886,0.008414024,-0.007238971
5.810965,0.008287025,-0.007080222
5.81504,0.008160042,-0.006921472
5.819121,0.008064796,-0.006794472
5.823261,0.007937782,-0.006667473
5.82728,0.00777906,-0.006508722
5.831517,0.007683807,-0.006349973
5.835585,0.007525063,-0.006222973
5.839575,0.00742981,-0.006095972
5.843647,0.007302826,-0.005968972
5.84772,0.007175827,-0.005810221
5.851798,0.00704882,-0.005714972
5.855875,0.006890083,-0.005556223
5.859953,0.006699585,-0.005397472
5.864031,0.00654084,-0.005302223
5.868108,0.006382088,-0.005143473
5.872296,0.006159836,-0.004984723
5.876269,0.005937592,-0.004825973
5.880349,0.005715355,-0.004667223
5.884429,0.005524841,-0.004540223
5.888506,0.005302589,-0.004381473
5.892587,0.005080353,-0.004222723
5.896665,0.004858109,-0.004095724
5.900746,0.004635857,-0.003968723
5.904829,0.004413597,-0.003809974
5.908907,0.00419136,-0.003682974
5.912988,0.003937347,-0.003555974
5.917066,0.003683342,-0.003397223
5.921269,0.003492851,-0.003301974
5.925272,0.003270615,-0.003174973
5.929311,0.003080101,-0.003047974
5.933393,0.002857841,-0.002920973
5.937478,0.002635605,-0.002793973
5.941549,0.002445091,-0.002666973
5.945637,0.002222855,-0.002571723
5.949714,0.00200061,-0.002412973
5.953794,0.001841843,-0.002317723
5.95788,0.001651352,-0.002222473
5.961961,0.001460854,-0.002095474
5.96604,0.001302109,-0.002000223
5.970283,0.001143364,-0.001904973
5.974359,0.000984627,-0.001777973
5.978341,0.000825867,-0.001682723
5.982403,0.000698875,-0.001587473
5.986504,0.000571877,-0.001523973
5.990533,0.000476624,-0.001428723
5.994613,0.00034964,-0.001365223
5.998704,0.000254379,-0.001301723
6.002779,0.000159149,-0.001238223
6.00686,6.39E-05,-0.001142973
6.010936,4.04E-07,-0.001079473
6.015016,-9.48E-05,-0.001015973
6.019096,-0.000190086,-0.000920723
6.023311,-0.000253578,-0.000857223
6.02726,-0.000348831,-0.000761973
6.03134,-0.000412338,-0.000730223
6.035416,-0.00047583,-0.000634973
6.039497,-0.000539322,-0.000571473
6.043574,-0.000571068,-0.000507973
6.047656,-0.000634583,-0.000444473
6.051735,-0.000666328,-0.000380973
6.055812,-0.000698074,-0.000317473
6.059894,-0.000729813,-0.000285723
6.063972,-0.000729813,-0.000222223
6.068054,-0.000761559,-0.000158723
6.072134,-0.000761559,-9.52E-05
6.076337,-0.00079332,-6.35E-05
6.080298,-0.00079332,2.70E-08
6.084375,-0.00079332,3.18E-05
6.088456,-0.00079332,6.35E-05
6.09254,-0.00079332,0.000127027
6.096614,-0.000761559,0.000127027
6.100695,-0.000761559,0.000158777
6.104773,-0.000698059,0.000190527
6.108854,-0.000666313,0.000222277
6.112934,-0.000634567,0.000254027
6.117012,-0.000602814,0.000254027
6.121094,-0.000539322,0.000285777
6.12533,-0.000507576,0.000285777
6.129245,-0.000444084,0.000317527
6.133338,-0.000444084,0.000317527
6.137404,-0.000380577,0.000317527
6.141497,-0.000380577,0.000317527
6.145576,-0.000348831,0.000317527
6.149642,-0.000317085,0.000317527
6.153742,-0.000317085,0.000317527
6.157806,-0.000285339,0.000317527
6.161867,-0.000285339,0.000317527
6.16595,-0.000285339,0.000317527
6.170042,-0.000285339,0.000317527
6.174113,-0.000285339,0.000317527
6.17819,-0.000285339,0.000317527
6.18227,-0.000285339,0.000317527
6.186348,-0.000285339,0.000317527
6.190436,-0.000285339,0.000317527
6.194556,-0.000285339,0.000317527
6.19862,-0.000253593,0.000317527
6.202672,-0.000253593,0.000317527
6.206751,-0.000253593,0.000317527
6.210828,-0.000253593,0.000317527
6.214907,-0.000253593,0.000317527
6.218986,-0.000253593,0.000317527
6.223063,-0.000253593,0.000317527
6.227146,-0.000253593,0.000317527
6.231222,-0.000253593,0.000317527
6.23552,-0.000253593,0.000317527
6.235525,-0.000253593,0.000317527
6.239727,-0.000253593,0.000317527
6.243479,-0.000253593,0.000317527
6.247558,-0.000253593,0.000317527
6.251634,-0.000253593,0.000317527
6.255713,-0.000253593,0.000317527
6.259791,-0.000253593,0.000317527
6.263867,-0.000253593,0.000317527
6.267947,-0.000253593,0.000317527
6.272024,-0.000253593,0.000317527
6.276104,-0.000253593,0.000317527
6.280184,-0.000253593,0.000317527
6.284261,-0.000253593,0.000317527
6.288342,-0.000253593,0.000317527
6.292419,-0.000253593,0.000317527
6.296499,-0.000253593,0.000317527
6.300578,-0.000253593,0.000317527
6.304656,-0.000253593,0.000317527
6.308823,-0.000253593,0.000317527
6.312848,-0.000253593,0.000317527
6.316898,-0.000253593,0.000317527
6.320977,-0.000253593,0.000317527
6.325055,-0.000253593,0.000317527
6.329135,-0.000253593,0.000317527
6.333254,-0.000253593,0.000317527
6.337321,-0.000285339,0.000317527
6.341375,-0.000285339,0.000317527
6.345452,-0.000285339,0.000317527
6.349572,-0.000285339,0.000317527
6.353651,-0.000317085,0.000317527
6.35772,-0.000317085,0.000285777
6.361856,-0.000317085,0.000285777
6.365922,-0.000348831,0.000254027
6.369977,-0.000348831,0.000254027
6.374142,-0.000380577,0.000254027
6.378141,-0.000380577,0.000222277
6.382291,-0.000412323,0.000190527
6.386312,-0.000444069,0.000190527
6.390377,-0.000444069,0.000158777
6.394469,-0.000444069,0.000158777
6.398551,-0.000475822,0.000158777
6.402629,-0.000507568,0.000127027
6.406706,-0.000539314,0.000127027
6.410787,-0.00057106,0.000127027
6.414866,-0.000602806,0.000127027
6.418945,-0.000634552,0.000127027
6.423027,-0.000666298,0.000158777
6.427126,-0.000729805,0.000190527
6.431204,-0.000793297,0.000222277
6.43529,-0.000888542,0.000285777
6.439372,-0.000983788,0.000349277
6.443455,-0.001079048,0.000444527
6.44754,-0.001206039,0.000539777
6.451617,-0.001301285,0.000635027
6.45569,-0.001428284,0.000762027
6.45977,-0.001587029,0.000889027
6.463849,-0.001714035,0.001016027
6.467929,-0.001841034,0.001174777
6.472006,-0.001999779,0.001365277
6.476086,-0.002126785,0.001492277
6.480317,-0.002253784,0.001651027
6.484248,-0.002412529,0.001841527
6.488369,-0.00250779,0.002000277
6.492406,-0.002634773,0.002190777
6.496487,-0.002730026,0.002317777
6.500565,-0.002825279,0.002476527
6.504643,-0.002952263,0.002667027
6.508724,-0.003015778,0.002825778
6.512802,-0.003111031,0.003016277
6.516885,-0.003174522,0.003206778
6.520963,-0.003238014,0.003365528
6.525041,-0.003301521,0.003556027
6.529278,-0.003365036,0.003746527
6.53326,-0.00342852,0.003905277
6.537295,-0.003460266,0.004095777
6.541377,-0.003523758,0.004286277
6.54546,-0.003555504,0.004476777
6.549537,-0.00358725,0.004699028
6.553614,-0.003619003,0.004857778
6.557736,-0.003650749,0.005111777
6.561868,-0.003682495,0.005334027
6.565859,-0.003714241,0.005524527
6.569981,-0.003745987,0.005746778
6.57402,-0.003745987,0.006000778
6.578097,-0.003777733,0.006191278
6.582487,-0.003777733,0.006413528
6.586268,-0.003809479,0.006699277
6.590346,-0.003809479,0.006953277
6.594428,-0.003809479,0.007207278
6.598503,-0.003809479,0.007429528
6.602584,-0.003809479,0.007683527
6.606661,-0.003777733,0.007937528
6.610742,-0.003777733,0.008159779
6.614819,-0.003745987,0.008382028
6.618899,-0.003682495,0.008667779
6.62298,-0.003650749,0.008890029
6.627057,-0.00358725,0.009144028
6.63121,-0.00352375,0.009429778
6.63526,-0.003460243,0.00965203
6.639299,-0.003365005,0.01003303
6.643381,-0.003301514,0.010255278
6.647458,-0.003237999,0.01054103
6.651538,-0.003142746,0.01085853
6.655618,-0.003079254,0.011080779
6.659696,-0.003015762,0.011398279
6.663777,-0.002920509,0.01171578
6.667866,-0.002856995,0.01200153
6.671944,-0.002761765,0.012287279
6.676023,-0.002666512,0.01263653
6.680102,-0.002603012,0.01292228
6.684302,-0.002507759,0.013271531
6.688266,-0.002444267,0.013684279
6.692342,-0.002380768,0.01400178
6.696423,-0.002317268,0.01438278
6.7005,-0.002285522,0.01466853
6.704581,-0.002253777,0.015017777
6.708661,-0.002253777,0.01539878
6.712739,-0.002253777,0.015748028
6.716819,-0.002253777,0.016097279
6.720899,-0.002253777,0.016510031
6.724978,-0.002285522,0.016827526
6.72906,-0.002349022,0.017176777
6.73321,-0.002444267,0.017589527
6.73729,-0.002507759,0.01793878
6.741314,-0.002603012,0.018446777
6.745385,-0.002698273,0.018796026
6.749466,-0.002825256,0.019177027
6.753589,-0.002984009,0.019621529
6.757652,-0.003079254,0.019970778
6.761713,-0.003237999,0.020383528
6.765858,-0.003396751,0.02079628
6.769871,-0.00352375,0.021177277
6.773948,-0.003682495,0.021590027
6.778031,-0.003809502,0.022034527
6.782109,-0.003936501,0.02238378
6.786289,-0.004063499,0.022796528
6.790274,-0.004190491,0.023272778
6.794349,-0.004285744,0.023685526
6.79843,-0.004380997,0.024098278
6.802509,-0.004444496,0.024447531
6.806585,-0.004507996,0.024860277
6.810666,-0.004571487,0.02524128
6.814743,-0.004603233,0.025590527
6.818824,-0.004634979,0.025939777
6.823125,-0.004666725,0.026320774
6.826586,-0.004666725,0.026320774
6.827079,-0.004698471,0.026606531
6.831125,-0.004698471,0.026955774
6.835313,-0.004698471,0.027273279
6.839284,-0.004698471,0.027590776
6.843418,-0.004730217,0.027876526
6.847397,-0.004730217,0.02806703
6.851577,-0.004730217,0.028257528
6.85556,-0.004730217,0.028479778
6.859729,-0.004761971,0.028606777
6.86372,-0.004761971,0.028765526
6.867884,-0.004793716,0.028860779
6.871882,-0.004793716,0.02895603
6.876041,-0.004825462,0.029019529
6.880042,-0.004825462,0.029051277
6.884187,-0.004857208,0.029083035
6.888181,-0.004857208,0.029083035
6.892332,-0.004857208,0.029083035
6.896343,-0.004857208,0.029083035
6.900487,-0.004857208,0.029083035
6.904502,-0.004857208,0.029083035
6.908734,-0.004857208,0.029083035
6.912707,-0.004857208,0.029083035
6.916842,-0.004825462,0.029083029
6.920868,-0.004793716,0.029051279
6.924999,-0.004730217,0.029051279
6.929029,-0.004698471,0.029051279
6.933194,-0.004666725,0.029019529
6.937307,-0.004603233,0.029019529
6.941316,-0.004539726,0.028987778
6.945351,-0.004444466,0.028924276
6.949475,-0.004380974,0.028892525
6.953591,-0.004285744,0.028797279
6.957749,-0.004190483,0.028702024
6.961743,-0.004126976,0.028606777
6.96593,-0.004031738,0.028511526
6.969849,-0.003936501,0.028352776
6.973962,-0.003841248,0.028225777
6.978008,-0.003777733,0.028035275
6.982123,-0.003682495,0.027813025
6.986324,-0.003619003,0.027654274
6.990288,-0.003555496,0.027336775
6.994329,-0.003491989,0.027114525
6.998446,-0.003460243,0.026892277
7.002489,-0.003460243,0.026606527
7.006602,-0.003460243,0.026384277
7.010651,-0.003460243,0.026130278
7.01476,-0.003491989,0.02584453
7.018825,-0.003555496,0.025622276
7.022921,-0.003619003,0.025368279
7.027013,-0.003714241,0.025114283
7.031105,-0.003777733,0.024892031
7.035292,-0.003872993,0.024638033
7.039284,-0.003968246,0.024320532
7.04338,-0.004063484,0.024098282
7.047465,-0.00415873,0.02384428
7.051566,-0.004253975,0.023622036
7.055642,-0.004317482,0.023399786
7.059723,-0.00441272,0.023145784
7.063804,-0.004476219,0.022923538
7.067884,-0.004539726,0.022669538
7.071965,-0.004603233,0.022383789
7.076042,-0.004666725,0.022161539
7.080123,-0.004698471,0.02187579
7.084277,-0.004761971,0.02155829
7.088285,-0.004793716,0.021209042
7.092365,-0.004793716,0.020891541
7.096445,-0.004825462,0.020574039
7.100522,-0.004825462,0.020256538
7.104603,-0.004825462,0.01987554
7.108681,-0.004825462,0.019589792
7.112764,-0.004825462,0.019208792
7.116852,-0.004825462,0.018859539
7.120932,-0.004793716,0.018542044
7.125013,-0.004761971,0.018192791
7.129104,-0.004730217,0.017780045
7.133307,-0.004698471,0.017462543
7.137261,-0.004634979,0.016986292
7.141344,-0.004571487,0.016637043
7.145423,-0.00450798,0.016287794
7.149498,-0.004444466,0.015938543
7.153645,-0.004380974,0.015652792
7.157702,-0.004317482,0.015303542
7.161744,-0.004253975,0.014954296
7.165894,-0.004190475,0.014700294
7.169907,-0.004126976,0.014351043
7.173992,-0.004063484,0.014033545
7.178071,-0.003999985,0.013747795
7.182308,-0.00393647,0.013430295
7.186239,-0.003745979,0.012604795
7.190325,-0.003650726,0.012319045
7.1944,-0.003555489,0.012001544
7.19848,-0.003460243,0.011715795
7.202556,-0.003364983,0.011398294
7.20671,-0.003269737,0.011080797
7.210718,-0.003174492,0.010795045
7.214794,-0.003079254,0.010477547
7.218884,-0.002920486,0.010128295
7.222961,-0.002825256,0.009842545
7.22704,-0.00269825,0.009525044
7.231119,-0.002539505,0.009144045
7.235282,-0.002444267,0.008858294
7.23928,-0.002253754,0.008445544
7.243357,-0.002126755,0.008159794
7.247438,-0.001999756,0.007874044
7.251518,-0.001872749,0.007556545
7.255596,-0.001745758,0.007302544
7.259675,-0.001650513,0.007048544
7.263759,-0.00149176,0.006762794
7.267833,-0.001396507,0.006540544
7.271915,-0.001301277,0.006254795
7.275992,-0.001174263,0.006000793
7.280073,-0.001079018,0.005778544
7.284271,-0.00098378,0.005556294
7.288236,-0.000888527,0.005302293
7.292315,-0.000793266,0.005080043
7.296393,-0.000729774,0.004826043
7.300474,-0.000666283,0.004635542
7.304554,-0.000602776,0.004445043
7.308632,-0.000539276,0.004222793
7.312712,-0.000507523,0.004064044
7.316789,-0.000475777,0.003905293
7.320874,-0.000444031,0.003714794
7.324955,-0.000412285,0.003556043
7.329033,-0.000412285,0.003429043
7.333114,-0.000380539,0.003270293
7.337291,-0.000380539,0.003143293
7.341277,-0.000380539,0.002952793
7.345377,-0.000380539,0.002857544
7.349456,-0.000380539,0.002730544
7.353547,-0.000380539,0.002603543
7.357599,-0.000380539,0.002508293
7.361771,-0.000380539,0.002413043
7.365771,-0.000412285,0.002317794
7.369853,-0.000444031,0.002222543
7.373932,-0.000444031,0.002127293
7.378014,-0.000475777,0.002032043
7.382091,-0.000507523,0.001968543
7.386172,-0.000507523,0.001873293
7.390249,-0.000539276,0.001778043
7.39433,-0.000539276,0.001714543
7.398408,-0.000571022,0.001619293
7.402488,-0.000571022,0.001587543
7.406567,-0.000602768,0.001524043
7.410644,-0.000602768,0.001492293
7.414724,-0.000634514,0.001460543
7.418804,-0.000634514,0.001428793
7.422882,-0.000634514,0.001397043
7.426951,-0.00066626,0.001365293
7.43104,-0.00066626,0.001365293
7.43511,-0.00066626,0.001333543
7.439287,-0.00066626,0.001333543
7.443271,-0.000698006,0.001301793
7.447324,-0.000698006,0.001301793
7.451402,-0.000698006,0.001301793
7.455519,-0.000698006,0.001301793
7.459587,-0.000698006,0.001270043
7.463637,-0.000698006,0.001270043
7.467717,-0.000698006,0.001270043
7.471834,-0.000698006,0.001270043
7.475901,-0.000698006,0.001238293
7.479955,-0.000698006,0.001238293
7.484071,-0.000698006,0.001238293
7.488152,-0.000698006,0.001206543
7.492231,-0.000729752,0.001206543
7.496299,-0.000729752,0.001174793
7.500353,-0.000729752,0.001174793
7.504468,-0.000729752,0.001174793
7.508538,-0.000729752,0.001143043
7.512598,-0.000729752,0.001143043
7.516674,-0.000729752,0.001143043
7.520753,-0.000729752,0.001143043
7.52483,-0.000729752,0.001143043
7.528953,-0.000729752,0.001143043
7.533021,-0.000729752,0.001111293
7.537071,-0.000729752,0.001111293
7.541152,-0.000729752,0.001111293
7.545231,-0.000729752,0.001111293
7.549308,-0.000729752,0.001111293
7.553394,-0.000729752,0.001111293
7.557471,-0.000729752,0.001111293
7.561552,-0.000729752,0.001111293
7.565638,-0.000729752,0.001111293
7.569758,-0.000729752,0.001111293
7.573828,-0.000698006,0.001111293
7.577877,-0.000698006,0.001111293
7.581955,-0.000698006,0.001111293
7.586072,-0.000698006,0.001111293
7.590138,-0.00066626,0.001111293
7.594231,-0.00066626,0.001111293
7.598309,-0.000634514,0.001111293
7.602389,-0.000634514,0.001079543
7.606458,-0.000602768,0.001079543
7.610546,-0.000602768,0.001079543
7.614616,-0.000571022,0.001079543
7.61871,-0.000571022,0.001079543
7.622773,-0.000539276,0.001047793
7.626827,-0.000539276,0.001047793
7.630945,-0.000539276,0.001047793
7.635014,-0.000507523,0.001016043
7.639107,-0.000507523,0.001016043
7.643184,-0.000475777,0.000984293
7.647266,-0.000475777,0.000952543
7.651343,-0.000444031,0.000952543
7.655424,-0.000412285,0.000920793
7.659505,-0.000412285,0.000889043
7.663583,-0.000380539,0.000857293
7.667664,-0.000348793,0.000793793
7.671742,-0.000317047,0.000762043
7.675824,-0.000285301,0.000730293
7.679906,-0.000253548,0.000698543
7.683983,-0.000221802,0.000635043
7.688298,-0.000190056,0.000603293
7.688304,-0.000190056,0.000603293
7.692475,-0.000126564,0.000539793
7.696231,-9.48E-05,0.000508043
7.700297,-6.31E-05,0.000476293
7.704363,-6.31E-05,0.000476293
7.708442,-6.31E-05,0.000476293
7.71252,-6.31E-05,0.000476293
7.716597,-6.31E-05,0.000476293
7.720676,-6.31E-05,0.000476293
7.724754,-6.31E-05,0.000476293
7.728834,-6.31E-05,0.000476293
7.732913,-6.31E-05,0.000476293
7.73699,-6.31E-05,0.000476293
7.741099,-6.31E-05,0.000476293
7.745149,-6.31E-05,0.000476293
7.749251,-6.31E-05,0.000476293
7.753311,-9.48E-05,0.000476293
7.757404,-9.48E-05,0.000476293
7.76148,-9.48E-05,0.000476293
7.765652,-9.48E-05,0.000476293
7.769668,-9.48E-05,0.000476293
7.773719,-9.48E-05,0.000476293
7.777795,-9.48E-05,0.000476293
7.781876,-9.48E-05,0.000476293
7.785952,-9.48E-05,0.000476293
7.790031,-9.48E-05,0.000476293
7.794111,-9.48E-05,0.000476293
7.798189,-9.48E-05,0.000476293
7.802269,-9.48E-05,0.000476293
7.806348,-9.48E-05,0.000476293
7.810467,-9.48E-05,0.000476293
7.814535,-0.000126564,0.000476293
7.818627,-0.000126564,0.000476293
7.822708,-0.00015831,0.000508043
7.826789,-0.000190056,0.000508043
7.830867,-0.000190056,0.000539793
7.835172,-0.000221802,0.000539793
7.839089,-0.000253548,0.000571543
7.843151,-0.000285301,0.000603293
7.847254,-0.000317047,0.000603293
7.851308,-0.000348793,0.000635043
7.855398,-0.000348793,0.000635043
7.859472,-0.000348793,0.000666793
7.863552,-0.000380539,0.000698543
7.86763,-0.000380539,0.000730293
7.871706,-0.000380539,0.000762043
7.875786,-0.000380539,0.000793793
7.879878,-0.000380539,0.000857293
7.883952,-0.000348793,0.000920793
7.888031,-0.000348793,0.000952543
7.89211,-0.000317047,0.001016043
7.896187,-0.000253548,0.001079543
7.900268,-0.000221802,0.001111293
7.904344,-0.000158302,0.001206543
7.908425,-9.48E-05,0.001270043
7.912502,-3.13E-05,0.001333543
7.916584,6.40E-05,0.001397043
7.920664,0.00015921,0.001492293
7.924742,0.000222702,0.001587543
7.928835,0.000317963,0.001682793
7.93291,0.000413216,0.001778043
7.93708,0.000476707,0.001873293
7.941104,0.000571976,0.002000293
7.945314,0.000667206,0.002127293
7.949363,0.000730713,0.002222543
7.953322,0.000825958,0.002381293
7.957403,0.000921211,0.002476543
7.961485,0.000984711,0.002603543
7.965562,0.001111694,0.002762293
7.969641,0.001175209,0.002889293
7.973727,0.001270439,0.003016293
7.9778,0.001365677,0.003175043
7.981881,0.001460938,0.003302043
7.98596,0.001556183,0.003460793
7.99004,0.001651421,0.003619542
7.994124,0.001714905,0.003746543
7.99828,0.001810173,0.003905293
8.00229,0.001905418,0.004095793
8.006365,0.00196891,0.004254543
8.010446,0.002032402,0.004445043
8.014525,0.002095909,0.004572042
8.018601,0.002127655,0.004762543
8.022683,0.002222916,0.004953043
8.02676,0.002286407,0.005111792
8.030842,0.002349899,0.005302292
8.034927,0.002413399,0.005524542
8.039002,0.002476891,0.005715043
8.043083,0.00254039,0.005937293
8.047324,0.002603889,0.006159543
8.051255,0.002699127,0.006413543
8.055333,0.00279438,0.006667543
8.05941,0.002857872,0.006889793
8.063491,0.002921364,0.007143793
8.06757,0.003016609,0.007429543
8.071647,0.003080101,0.007651794
8.075728,0.003175369,0.007937543
8.079806,0.003238861,0.008223295
8.083888,0.003334106,0.008477294
8.087968,0.003397598,0.008763045
8.092046,0.003492851,0.009080545
8.096225,0.003556358,0.009334543
8.100289,0.003651596,0.009652045
8.104298,0.003746834,0.010033045
8.108376,0.003842079,0.010350544
8.112454,0.003937325,0.010731544
8.116542,0.004000824,0.011017294
8.120613,0.004096077,0.011334794
8.124693,0.004191322,0.011715795
8.128795,0.00428656,0.012033294
8.132949,0.004381805,0.012414294
8.136975,0.004508812,0.012795295
8.14102,0.00460405,0.013112792
8.145466,0.004731049,0.013493793
8.14942,0.004889801,0.013938294
8.153272,0.005016792,0.014351042
8.157354,0.005175537,0.01476379
8.161432,0.005302536,0.015113043
8.165509,0.00542952,0.015494041
8.16959,0.005620033,0.015906792
8.173666,0.005747032,0.016224291
8.177747,0.005937523,0.016637043
8.181825,0.006128029,0.017018044
8.185904,0.006286774,0.017367292
8.189985,0.00647728,0.017716543
8.194422,0.006667778,0.018097542
8.197642,0.006667778,0.018097542
8.198273,0.007048782,0.018827791
8.20225,0.007239288,0.019177044
8.206429,0.007398026,0.019462793
8.210413,0.00755677,0.019780291
8.214589,0.007747284,0.02009779
8.218578,0.007874268,0.020351789
8.222749,0.008033012,0.020669291
8.226743,0.008160011,0.02095504
8.230908,0.008255249,0.02117729
8.234906,0.008318748,0.021399536
8.239066,0.008350494,0.021621788
8.243078,0.008350494,0.021780537
8.247228,0.008350494,0.021939289
8.251241,0.008318748,0.022129787
8.255388,0.008223495,0.02225679
8.259403,0.008096497,0.022415541
8.263547,0.008001259,0.02254254
8.267566,0.007842491,0.022669542
8.271707,0.007620255,0.022796537
8.275733,0.007461502,0.022860039
8.279969,0.007239265,0.02295529
8.283918,0.006985275,0.023082289
8.288046,0.006763016,0.02314579
8.292086,0.006540771,0.023209293
8.296284,0.006286774,0.023272791
8.30025,0.006032791,0.023336294
8.304367,0.005810532,0.023368042
8.30841,0.005651779,0.023368044
8.31253,0.005524765,0.023368044
8.316573,0.005397766,0.023368044
8.320685,0.005302513,0.023304544
8.324732,0.00520726,0.023241043
8.328846,0.005143776,0.023177542
8.332959,0.005080284,0.023114042
8.337102,0.005016792,0.022987043
8.341093,0.004953278,0.022860039
8.3455,0.004889786,0.02273304
8.349321,0.00479454,0.02247904
8.353351,0.004731041,0.022352043
8.357395,0.004572304,0.022002792
8.361515,0.004477066,0.02178054
8.365556,0.004413551,0.021590042
8.369681,0.004318298,0.02139954
8.373715,0.004191299,0.021177292
8.377838,0.004096054,0.02098679
8.381875,0.003969063,0.020764542
8.385996,0.003842064,0.020542292
8.390037,0.003715057,0.020351793
8.394324,0.003588074,0.020161289
8.398262,0.003270561,0.019685041
8.402315,0.00308007,0.01946279
8.406361,0.002921318,0.019240538
8.410474,0.002794312,0.019081789
8.414522,0.002635567,0.018859539
8.418633,0.002445053,0.018669039
8.422683,0.002286324,0.018478539
8.426789,0.002127563,0.01828804
8.430846,0.001937065,0.018097538
8.434949,0.00177832,0.017938787
8.439005,0.001619583,0.017748285
8.443109,0.001397339,0.017526037
8.447301,0.001270348,0.017367287
8.451274,0.001016342,0.017081537
8.455324,0.000857597,0.016922787
8.459431,0.000698845,0.016700535
8.463485,0.000508347,0.016478289
8.467588,0.000381348,0.016287786
8.471645,0.000222595,0.016097284
8.475747,6.38E-05,0.015843288
8.479804,-6.32E-05,0.015652784
8.483908,-0.000221916,0.015398786
8.487964,-0.000348907,0.015176535
8.492066,-0.000475914,0.014954289
8.496343,-0.000571159,0.01473204
8.500262,-0.000856903,0.01419229
8.504353,-0.000952148,0.013970038
8.508439,-0.001079155,0.013716039
8.512527,-0.0011744,0.01349379
8.516611,-0.001269653,0.013303289
8.5207,-0.001364899,0.013049289
8.524782,-0.001460144,0.012858788
8.528866,-0.001523636,0.012636539
8.532975,-0.00165065,0.012414288
8.53706,-0.001714142,0.012223788
8.541124,-0.001809387,0.012033289
8.545589,-0.001872894,0.011811038
8.549334,-0.00196814,0.01158879
8.553369,-0.002063393,0.011398288
8.557448,-0.002126877,0.011239539
8.561528,-0.002190392,0.011017288
8.565609,-0.002253891,0.010826788
8.569689,-0.002317383,0.01066804
8.573768,-0.002380882,0.01047754
8.577857,-0.002412628,0.01028704
8.581934,-0.002476143,0.010128289
8.586013,-0.002507881,0.009937789
8.590093,-0.002539627,0.009779039
8.59431,-0.002571373,0.00962029
8.598254,-0.002603119,0.00939804
8.602331,-0.002603119,0.009239291
8.606412,-0.002634865,0.009080541
8.610492,-0.002634865,0.008921789
8.614569,-0.002634865,0.008763041
8.618648,-0.002634865,0.00860429
8.622727,-0.002634865,0.008413791
8.626808,-0.002634865,0.008286791
8.630889,-0.002634865,0.008128042
8.634966,-0.002634865,0.007937541
8.639048,-0.002634865,0.00781054
8.643127,-0.002634865,0.007651792
8.647276,-0.002634865,0.007493041
8.651289,-0.002634865,0.007302542
8.655366,-0.002603119,0.007143793
8.659447,-0.002603119,0.007016793
8.663524,-0.002603119,0.006826293
8.667605,-0.002571373,0.006667542
8.671686,-0.002571373,0.006508792
8.675763,-0.002571373,0.006350042
8.679852,-0.002539627,0.006191292
8.683931,-0.002539627,0.006032543
8.688007,-0.002507881,0.005873793
8.692089,-0.002507881,0.005715043
8.696318,-0.002476143,0.005588043
8.700252,-0.002444382,0.005238792
8.70433,-0.002444382,0.005111792
8.708408,-0.002412636,0.004953042
8.712489,-0.00238089,0.004826042
8.716566,-0.00238089,0.004699042
8.720648,-0.002349144,0.004572042
8.724728,-0.002317406,0.004476792
8.728825,-0.00228566,0.004381542
8.732973,-0.00228566,0.004286293
8.736969,-0.002253914,0.004222793
8.741106,-0.002253914,0.004159293
8.745179,-0.002253914,0.004095793
8.749265,-0.002253914,0.004032293
8.753305,-0.002253914,0.003968793
8.757386,-0.002222168,0.003905293
8.761465,-0.002222168,0.003873543
8.765545,-0.002222168,0.003810043
8.769622,-0.002222168,0.003746543
8.773703,-0.002222168,0.003714793
8.777782,-0.002222168,0.003651294
8.781858,-0.002222168,0.003587794
8.78594,-0.002222168,0.003556044
8.790018,-0.002222168,0.003492544
8.794099,-0.002222168,0.003460794
8.79818,-0.002222168,0.003429044
8.802257,-0.002253914,0.003397294
8.806337,-0.002253914,0.003365544
8.810415,-0.002253914,0.003333794
8.814496,-0.002253914,0.003302044
8.818577,-0.002253914,0.003270294
8.822654,-0.002253914,0.003238544
8.826734,-0.002253914,0.003206794
8.830812,-0.002253914,0.003175045
8.835012,-0.002253914,0.003143294
8.839007,-0.002253914,0.003111545
8.843083,-0.002253914,0.003048044
8.847163,-0.002222168,0.003016295
8.851253,-0.002222168,0.002952794
8.855317,-0.002190407,0.002889295
8.859396,-0.002190407,0.002857545
8.863473,-0.002190407,0.002794044
8.867553,-0.002158669,0.002730544
8.871631,-0.002158669,0.002667045
8.875708,-0.002126923,0.002603544
8.87979,-0.002126923,0.002540044
8.883869,-0.002126923,0.002444794
8.887951,-0.002095177,0.002381294
8.892031,-0.002095177,0.002317794
8.896297,-0.002063431,0.002222544
8.900297,-0.002063431,0.002159044
8.904276,-0.002031685,0.002032044
8.908355,-0.002031685,0.001968544
8.912435,-0.002031685,0.001873294
8.916513,-0.001999939,0.001746294
8.920593,-0.001968193,0.001651044
8.924691,-0.00193644,0.001524044
8.928818,-0.001904694,0.001397044
8.932883,-0.001841194,0.001301794
8.936949,-0.001809433,0.001174794
8.941078,-0.001745941,0.001047794
8.94508,-0.001682457,0.000952544
8.949164,-0.001618942,0.000857294
8.953247,-0.001555443,0.000762044
8.957325,-0.001523697,0.000666794
8.961406,-0.001460197,0.000603294
8.965489,-0.001428452,0.000571544
8.969565,-0.00136496,0.000476294
8.973645,-0.001333214,0.000444544
8.977722,-0.001301468,0.000412794
8.981804,-0.001269722,0.000381044
8.985871,-0.001206215,0.000349294
8.989961,-0.001206215,0.000349294
8.994041,-0.0011427,0.000317544
8.998109,-0.001110954,0.000317544
9.002208,-0.001110954,0.000317544
9.006286,-0.001079208,0.000285794
9.010353,-0.001047462,0.000285794
9.014406,-0.001047462,0.000285794
9.018523,-0.001047462,0.000285794
9.022591,-0.001015717,0.000285794
9.026645,-0.001015717,0.000285794
9.030721,-0.001015717,0.000285794
9.034839,-0.001015717,0.000285794
9.038909,-0.000983978,0.000285794
9.042959,-0.000983978,0.000285794
9.04708,-0.000983978,0.000285794
9.051146,-0.000952217,0.000317544
9.05524,-0.000952217,0.000317544
9.05932,-0.000920471,0.000317544
9.063398,-0.000920471,0.000349294
9.067478,-0.000888725,0.000349294
9.071557,-0.000888725,0.000381044
9.075638,-0.000856979,0.000381044
9.079719,-0.000856979,0.000412794
9.083796,-0.000825233,0.000412794
9.087878,-0.000825233,0.000444544
9.091958,-0.000793495,0.000444544
9.096039,-0.000761749,0.000444544
9.100121,-0.000761749,0.000476294
9.104368,-0.000730003,0.000476294
9.108277,-0.000698242,0.000508044
9.112363,-0.000698242,0.000508044
9.116445,-0.000666496,0.000508044
9.120553,-0.000666496,0.000539794
9.124641,-0.000666496,0.000539794
9.128673,-0.000634758,0.000539794
9.132726,-0.000634758,0.000539794
9.136854,-0.000634758,0.000539794
9.140886,-0.000603012,0.000539794
9.144996,-0.000603012,0.000539794
9.149086,-0.000603012,0.000539794
9.153154,-0.000571266,0.000539794
9.157245,-0.000571266,0.000539794
9.161343,-0.00053952,0.000539794
9.165393,-0.00053952,0.000508044
9.169447,-0.00053952,0.000508044
9.173564,-0.00053952,0.000508044
9.177642,-0.000507774,0.000508044
9.181724,-0.000507774,0.000476294
9.18579,-0.000507774,0.000444544
9.189882,-0.000507774,0.000444544
9.193964,-0.000507774,0.000412794
9.198042,-0.000507774,0.000381044
9.202161,-0.000507774,0.000349294
9.206205,-0.000507774,0.000349294
9.210285,-0.000507774,0.000317544
9.214934,-0.000507774,0.000285794
9.21494,-0.000507774,0.000285794
9.218788,-0.000507774,0.000285794
9.222539,-0.000507774,0.000254044
9.226616,-0.000507774,0.000222294
9.230691,-0.000507774,0.000190544
9.234759,-0.000507774,0.000158794
9.238859,-0.000507774,0.000158794
9.242924,-0.000476028,0.000127044
9.247013,-0.000476028,0.000127044
9.251089,-0.000476028,9.53E-05
9.255171,-0.000444275,9.53E-05
9.259249,-0.000444275,6.35E-05
9.263329,-0.000412529,6.35E-05
9.267397,-0.000380783,3.18E-05
9.271486,-0.000380783,3.18E-05
9.275567,-0.000349037,4.40E-08
9.279644,-0.000317291,4.40E-08
9.283725,-0.000285545,4.40E-08
9.287793,-0.000253799,-3.17E-05
9.291882,-0.000253799,-3.17E-05
9.295952,-0.000222054,-3.17E-05
9.300113,-0.000222054,-3.17E-05
9.304144,-0.000222054,-3.17E-05
9.308212,-0.000222054,-6.35E-05
9.312263,-0.000222054,-6.35E-05
9.316344,-0.000222054,-6.35E-05
9.320422,-0.000222054,-6.35E-05
9.3245,-0.000222054,-6.35E-05
9.328589,-0.000222054,-6.35E-05
9.332658,-0.000222054,-6.35E-05
9.336742,-0.000222054,-6.35E-05
9.340819,-0.000222054,-6.35E-05
9.344938,-0.000222054,-6.35E-05
